,x,y
7473,1.3972273,14.115735
37365,1.3971162,14.115358
37366,1.3972182,14.115591
37367,1.3958871,14.113799
37368,1.3971883,14.115554
37369,1.3958478,14.113802
6177,-2.70494,-3.20502
30885,-2.7546737,-3.1763651
30886,-2.6893153,-3.241476
30887,-2.7055774,-3.2058914
30888,-2.7051349,-3.2039497
30889,-2.7100961,-3.207574
7116,4.0296354,0.28385696
35580,4.0375957,0.2737174
35581,4.015262,0.2979221
35582,4.0072207,0.30650568
35583,4.0319953,0.28817075
35584,4.02717,0.29303458
4644,14.675714,7.5399604
23220,14.68097,7.5406575
23221,14.73322,7.6504216
23222,14.670433,7.5298495
23223,14.67188,7.5235944
23224,14.6757555,7.5401454
8202,5.0008054,0.028293265
41010,5.0343847,0.0064741643
41011,5.0251675,0.019333964
41012,5.036543,0.0056302734
41013,5.0353656,0.009352271
41014,5.0206103,0.02020845
233,15.867911,-3.726085
1165,15.868004,-3.7277813
1166,15.862784,-3.7280142
1167,15.902147,-3.6883397
1168,15.866082,-3.728895
1169,15.869,-3.7243617
8974,0.59031427,1.2606242
44870,0.61438394,1.247816
44871,0.5745315,1.2499896
44872,0.5929628,1.267008
44873,0.5756356,1.2444946
44874,0.5881888,1.2576058
9071,14.950441,-5.9817967
45355,14.971749,-5.973667
45356,14.954998,-5.964176
45357,14.958618,-5.97744
45358,14.969668,-5.9765587
45359,14.963814,-5.9926867
5458,9.077065,-8.197487
27290,9.083858,-8.193892
27291,9.074021,-8.188948
27292,9.057226,-8.230539
27293,9.075506,-8.185537
27294,9.081525,-8.192753
2017,6.1892624,12.184178
10085,6.190771,12.180008
10086,6.172321,12.199337
10087,6.179028,12.18757
10088,6.2014856,12.170995
10089,6.1892924,12.1821575
807,6.0865483,-5.0337396
4035,6.0846987,-5.0357075
4036,6.0942435,-5.0342712
4037,6.105884,-5.0293064
4038,6.082772,-5.0367823
4039,6.085835,-5.035893
2325,-2.4636242,0.5689895
11625,-2.4781759,0.56641966
11626,-2.4867365,0.56345695
11627,-2.46892,0.5692237
11628,-2.4772918,0.5663674
11629,-2.4832056,0.56497526
6315,-2.6831033,-10.794332
31575,-2.680937,-10.796349
31576,-2.6761389,-10.801141
31577,-2.6787522,-10.798002
31578,-2.6820662,-10.795284
31579,-2.6778321,-10.798867
7653,-7.0841103,5.2385597
38265,-7.0782814,5.249975
38266,-7.083982,5.2397947
38267,-7.09168,5.2329383
38268,-7.08203,5.245758
38269,-7.085277,5.240383
9483,-6.220641,5.028394
47415,-6.219995,5.0288277
47416,-6.2445045,5.020462
47417,-6.2149396,5.026146
47418,-6.2217627,5.027595
47419,-6.221612,5.027733
4087,14.173184,3.283072
20435,14.160867,3.2932281
20436,14.173452,3.2717915
20437,14.172259,3.2730112
20438,14.172061,3.2701893
20439,14.1750555,3.2703602
274,17.937246,3.283274
1370,17.92667,3.3268404
1371,17.926449,3.3273587
1372,17.954012,3.3532517
1373,17.928812,3.3271704
1374,17.900038,3.3441951
1882,4.4763074,6.430117
9410,4.4459896,6.4589424
9411,4.4505315,6.4501452
9412,4.431782,6.463177
9413,4.436565,6.4712977
9414,4.44469,6.4604216
4393,-10.322394,4.5766144
21965,-10.321959,4.5781517
21966,-10.32693,4.584302
21967,-10.314073,4.5726004
21968,-10.322555,4.5831046
21969,-10.305293,4.5618844
1628,17.242605,3.5974016
8140,17.25615,3.587671
8141,17.23559,3.6054418
8142,17.253607,3.597338
8143,17.260906,3.5834732
8144,17.265408,3.5731084
4954,-1.3667631,5.472571
24770,-1.3771384,5.4998307
24771,-1.3756651,5.4645376
24772,-1.3724467,5.4690523
24773,-1.3838875,5.4677033
24774,-1.3645991,5.4588413
2500,12.933731,6.234327
12500,12.970246,6.239168
12501,12.9300995,6.2368064
12502,12.958089,6.2199125
12503,12.943254,6.22523
12504,12.929006,6.240344
2781,14.262425,2.0670123
13905,14.254868,2.083034
13906,14.260016,2.0680122
13907,14.264881,2.0494425
13908,14.256513,2.0736036
13909,14.258678,2.072196
4444,7.032239,-0.826888
22220,7.039636,-0.848713
22221,7.0190163,-0.8338586
22222,6.9879284,-0.8198273
22223,7.077566,-0.8330051
22224,7.0312977,-0.82720613
8913,-3.071978,15.88542
44565,-3.098478,15.8663
44566,-3.0903702,15.8681755
44567,-3.110558,15.842979
44568,-3.118937,15.835758
44569,-3.1015952,15.854217
6882,15.09764,-6.0282
34410,15.068807,-6.0274806
34411,15.09378,-6.039992
34412,15.094106,-6.0329533
34413,15.111309,-6.0082746
34414,15.109663,-6.017835
6044,-8.056066,-1.2943556
30220,-8.0621805,-1.3229017
30221,-8.051283,-1.3207407
30222,-8.068822,-1.3066372
30223,-8.090842,-1.3457514
30224,-8.077988,-1.313418
4669,1.6476029,0.57883847
23345,1.6634827,0.5861742
23346,1.6459187,0.56893015
23347,1.6567541,0.5883933
23348,1.6563071,0.5896664
23349,1.6477587,0.5757069
8471,-5.481326,-5.9749866
42355,-5.459015,-5.9703526
42356,-5.464671,-5.969689
42357,-5.469549,-5.972306
42358,-5.47452,-5.9823885
42359,-5.4872556,-5.976879
1414,11.876073,6.827329
7070,11.875733,6.823067
7071,11.897935,6.8055763
7072,11.898289,6.8076587
7073,11.898694,6.8077602
7074,11.863461,6.828277
5097,15.032891,-5.353791
25485,14.9367485,-5.309009
25486,14.971458,-5.335592
25487,14.987678,-5.359242
25488,15.020966,-5.40459
25489,15.04674,-5.3387218
3499,6.668799,12.710691
17495,6.6706743,12.712762
17496,6.6670885,12.710959
17497,6.66906,12.710907
17498,6.6726427,12.707951
17499,6.6684995,12.71134
725,16.572334,3.9225996
3625,16.568026,3.930608
3626,16.564392,3.9305005
3627,16.57574,3.9261637
3628,16.572279,3.926775
3629,16.567518,3.9289432
2133,17.925419,3.3443372
10665,17.909405,3.357748
10666,17.906246,3.3457704
10667,17.87233,3.3753088
10668,17.915207,3.349699
10669,17.941376,3.3578029
352,14.856746,3.9372928
1760,14.856054,3.9366474
1761,14.8589945,3.942666
1762,14.858672,3.9436958
1763,14.840067,3.9178786
1764,14.865231,3.9532597
8659,9.179443,1.3453008
43295,9.200837,1.3230546
43296,9.180787,1.3436456
43297,9.177843,1.3559058
43298,9.16572,1.3486971
43299,9.179385,1.3339123
162,17.250824,3.5758746
810,17.254646,3.5713809
811,17.250057,3.5582516
812,17.271667,3.5690126
813,17.275026,3.5614412
814,17.273926,3.55731
832,9.856604,11.593859
4160,9.853269,11.595208
4161,9.853152,11.595191
4162,9.852698,11.595426
4163,9.847545,11.59273
4164,9.852923,11.595016
228,10.201864,-8.244752
1140,10.168168,-8.20218
1141,10.190335,-8.227769
1142,10.194663,-8.235201
1143,10.178221,-8.215765
1144,10.196607,-8.232592
2953,9.348556,-1.1615454
14765,9.3562,-1.1398131
14766,9.351484,-1.155275
14767,9.356956,-1.1367
14768,9.3577585,-1.1402366
14769,9.365398,-1.1283865
751,14.259169,2.0892572
3755,14.2568035,2.0756514
3756,14.269978,2.1261654
3757,14.286943,2.092035
3758,14.254855,2.090291
3759,14.251349,2.1494164
6087,6.68304,11.871744
30435,6.6897984,11.876877
30436,6.6990285,11.860707
30437,6.703922,11.87278
30438,6.7002597,11.864028
30439,6.7105436,11.874491
3058,-7.0553093,-2.7395244
15290,-7.058818,-2.7408226
15291,-7.086175,-2.728406
15292,-7.0325427,-2.7083304
15293,-7.0421143,-2.7307003
15294,-7.041242,-2.725525
4194,-2.5505378,-2.6189857
20970,-2.5535235,-2.6204345
20971,-2.523151,-2.592929
20972,-2.5564082,-2.6210885
20973,-2.543452,-2.6218958
20974,-2.5517151,-2.6261547
7552,-9.692326,10.702631
37760,-9.685203,10.713388
37761,-9.695074,10.712277
37762,-9.689161,10.715935
37763,-9.714388,10.698886
37764,-9.703965,10.708477
8028,6.7017426,11.968839
40140,6.7761445,11.917628
40141,6.8046083,11.921021
40142,6.7853346,11.924793
40143,6.777669,11.918873
40144,6.811579,11.934351
3563,14.911698,1.300156
17815,14.918377,1.2847273
17816,14.915531,1.292237
17817,14.920903,1.3060151
17818,14.923442,1.2865214
17819,14.909819,1.3070028
7168,-2.2974067,3.9830253
35840,-2.3146887,3.9966698
35841,-2.299233,3.989744
35842,-2.298169,3.9773686
35843,-2.3071237,3.97931
35844,-2.2948334,3.9807446
563,0.44009382,8.414909
2815,0.4250203,8.400812
2816,0.43260074,8.405176
2817,0.38666633,8.389777
2818,0.48587295,8.447004
2819,0.43807352,8.406815
6913,-2.9837074,9.410713
34565,-2.997383,9.424636
34566,-2.977649,9.410034
34567,-2.9868681,9.405308
34568,-2.9795938,9.4154
34569,-2.9606004,9.401096
6983,5.35963,2.0508573
34915,5.3581243,2.050354
34916,5.3643527,2.0473368
34917,5.3559303,2.0525005
34918,5.35785,2.0512338
34919,5.3617005,2.0505269
5995,4.805374,-2.631991
29975,4.7942266,-2.641845
29976,4.8003116,-2.634331
29977,4.8040624,-2.6346202
29978,4.803358,-2.631383
29979,4.807908,-2.6310987
8208,-3.1007042,9.527691
41040,-3.0946336,9.52262
41041,-3.1087403,9.53927
41042,-3.1128268,9.537159
41043,-3.1002944,9.528657
41044,-3.0904596,9.521209
4153,8.907158,-8.664532
20765,8.880366,-8.645534
20766,8.90761,-8.66528
20767,8.919029,-8.670597
20768,8.899626,-8.656534
20769,8.90494,-8.662552
7797,-9.694791,9.793881
38985,-9.721639,9.862703
38986,-9.722882,9.876628
38987,-9.707995,9.82658
38988,-9.698585,9.806995
38989,-9.7246475,9.880373
1881,8.8610935,-8.586895
9405,8.85915,-8.587144
9406,8.86213,-8.595291
9407,8.86044,-8.58334
9408,8.849652,-8.581307
9409,8.8597765,-8.589449
6875,0.8932959,11.960986
34375,0.88342196,11.972292
34376,0.89508086,11.963621
34377,0.8940075,11.971118
34378,0.89024824,11.970806
34379,0.89176255,11.971209
8714,10.754744,0.7539873
43570,10.767199,0.75894254
43571,10.761389,0.75751495
43572,10.760686,0.75692976
43573,10.733872,0.7255201
43574,10.74778,0.74468416
4164,-4.3169637,-2.615402
20820,-4.31253,-2.6158066
20821,-4.308273,-2.612314
20822,-4.3133693,-2.6140432
20823,-4.322901,-2.616711
20824,-4.300129,-2.6082513
6869,5.001321,0.0142591335
34345,5.0165744,0.018948246
34346,5.0045466,0.026104737
34347,5.010295,0.025740612
34348,5.0032086,0.026867913
34349,4.996748,0.028007666
6352,1.3277618,11.444456
31760,1.3549254,11.410286
31761,1.328289,11.446182
31762,1.3518978,11.417321
31763,1.3492041,11.419824
31764,1.318558,11.458048
3937,-6.701263,8.666292
19685,-6.737658,8.578164
19686,-6.7150636,8.650972
19687,-6.7009525,8.659961
19688,-6.721382,8.653435
19689,-6.735928,8.631909
1346,17.823265,3.470544
6730,17.873026,3.3852553
6731,17.837265,3.4203355
6732,17.847366,3.4108145
6733,17.79126,3.4452403
6734,17.842249,3.38064
7042,4.0133486,0.3037652
35210,3.970699,0.34505492
35211,4.001831,0.3146969
35212,3.9976437,0.3131637
35213,4.0022817,0.3114242
35214,4.001326,0.31368163
8955,-1.9894737,-1.990118
44775,-1.9852439,-1.9865572
44776,-1.9557087,-1.966618
44777,-1.9781307,-1.9902956
44778,-1.9939471,-1.9852612
44779,-2.0196192,-2.028932
2617,20.422443,7.7188735
13085,20.422993,7.7178354
13086,20.425076,7.715838
13087,20.428503,7.7110605
13088,20.434626,7.704328
13089,20.415627,7.72607
6724,18.207954,-0.8783006
33620,18.220512,-0.8544394
33621,18.213776,-0.853362
33622,18.219364,-0.87588394
33623,18.213476,-0.8752621
33624,18.210896,-0.87517035
6226,11.052724,10.466071
31130,11.048386,10.468799
31131,11.04961,10.450855
31132,11.051587,10.447787
31133,11.048968,10.449186
31134,11.041361,10.441522
7701,-4.3391976,5.501186
38505,-4.338917,5.501851
38506,-4.3393497,5.50202
38507,-4.339299,5.50464
38508,-4.339176,5.502993
38509,-4.3393154,5.5020704
7549,-9.735796,10.651426
37745,-9.741831,10.642086
37746,-9.753503,10.606048
37747,-9.776507,10.587937
37748,-9.74685,10.63082
37749,-9.740007,10.634351
5241,20.05397,8.401785
26205,20.057627,8.392161
26206,20.079988,8.375944
26207,20.050995,8.398685
26208,20.06088,8.389041
26209,20.078796,8.381449
8282,9.476521,4.146789
41410,9.466599,4.1232824
41411,9.468475,4.1287775
41412,9.466983,4.1230006
41413,9.456998,4.101713
41414,9.463824,4.117354
7435,7.838061,-6.585941
37175,7.8289185,-6.574037
37176,7.834396,-6.583378
37177,7.835699,-6.57992
37178,7.83403,-6.581227
37179,7.8325925,-6.5796814
7403,-5.997847,7.6637287
37015,-6.0044274,7.679459
37016,-5.9986234,7.6650667
37017,-6.0065317,7.6780133
37018,-6.0048995,7.6677876
37019,-6.014834,7.6742325
6847,7.3519025,11.792396
34235,7.33518,11.812114
34236,7.3421593,11.802051
34237,7.339998,11.804239
34238,7.3289714,11.809394
34239,7.3312573,11.809017
5182,5.475363,9.58182
25910,5.501581,9.576957
25911,5.523382,9.587742
25912,5.4864006,9.565151
25913,5.5114775,9.5914
25914,5.4701333,9.564332
2685,-3.7261045,8.489027
13425,-3.7556846,8.5136795
13426,-3.752562,8.513663
13427,-3.7528973,8.512523
13428,-3.7410793,8.502405
13429,-3.76239,8.524309
5239,14.976706,8.090781
26195,14.972691,8.086368
26196,14.991599,8.106625
26197,15.007154,8.121557
26198,14.979543,8.092155
26199,14.977959,8.094059
3366,4.250119,-1.5232002
16830,4.277652,-1.5544792
16831,4.288508,-1.539821
16832,4.2909193,-1.5604466
16833,4.2917194,-1.5581031
16834,4.290419,-1.5596048
8925,-9.60779,1.0470665
44625,-9.586997,1.0278641
44626,-9.604102,1.0401973
44627,-9.6052265,1.0427189
44628,-9.610744,1.0477414
44629,-9.609752,1.0491554
5674,-7.0704217,4.713186
28370,-7.0693865,4.7078834
28371,-7.056193,4.7074213
28372,-7.0684857,4.7031617
28373,-7.0658307,4.711268
28374,-7.0687385,4.71204
2003,-4.3090243,13.23772
10015,-4.3100286,13.239456
10016,-4.3117433,13.239934
10017,-4.30095,13.233644
10018,-4.305059,13.237013
10019,-4.3093114,13.238457
8475,-8.583737,-3.0877843
42375,-8.580795,-3.0787768
42376,-8.544693,-3.0371485
42377,-8.575936,-3.0734565
42378,-8.568122,-3.0642407
42379,-8.5844345,-3.079679
2861,18.691376,0.09693938
14305,18.674057,0.08467853
14306,18.685339,0.091938645
14307,18.687813,0.09009982
14308,18.67269,0.07643198
14309,18.69028,0.09598525
9659,7.061418,-6.9586663
48295,7.101023,-6.9234886
48296,7.048618,-6.967456
48297,7.0478396,-6.9697447
48298,7.0495734,-6.9724813
48299,7.056976,-6.9640737
9620,-9.664948,8.535971
48100,-9.664294,8.5415745
48101,-9.663436,8.545704
48102,-9.665508,8.532739
48103,-9.664097,8.541116
48104,-9.662685,8.553418
4550,15.070583,-5.6666102
22750,15.073191,-5.714757
22751,15.102187,-5.66551
22752,15.032927,-5.689091
22753,15.090302,-5.6802516
22754,15.066626,-5.652029
7628,-0.83631593,1.279508
38140,-0.88241446,1.2342335
38141,-0.86528355,1.2520671
38142,-0.8677326,1.2501332
38143,-0.85591024,1.2610377
38144,-0.89388317,1.2223493
4751,0.9204154,11.878524
23755,0.91298383,11.864421
23756,0.91940147,11.887851
23757,0.9251222,11.884553
23758,0.91529375,11.902323
23759,0.9256702,11.8870325
6220,4.564869,-4.786638
31100,4.540587,-4.7560034
31101,4.5703998,-4.794786
31102,4.564619,-4.785966
31103,4.558245,-4.778592
31104,4.573514,-4.7942157
3524,18.006657,-0.9960865
17620,18.027102,-0.9827519
17621,18.015116,-0.989362
17622,17.99515,-1.0049282
17623,18.002783,-0.9990303
17624,18.003405,-0.9985728
5546,-1.0222511,11.286909
27730,-1.0592813,11.249109
27731,-1.0283107,11.280947
27732,-1.018053,11.2909565
27733,-1.0223577,11.285906
27734,-1.0371546,11.271478
7728,-8.37199,4.3526692
38640,-8.3340845,4.323386
38641,-8.332457,4.3233843
38642,-8.321152,4.33731
38643,-8.30384,4.291393
38644,-8.334052,4.322115
8926,-9.257365,10.645749
44630,-9.2425585,10.644761
44631,-9.257851,10.646056
44632,-9.272078,10.647638
44633,-9.259144,10.646752
44634,-9.258808,10.647441
3477,4.2204633,-1.0889814
17385,4.2155037,-1.0551349
17386,4.205574,-1.0718504
17387,4.1989756,-1.0761336
17388,4.2160606,-1.0533583
17389,4.2150865,-1.0656664
8436,-10.187774,-1.9776089
42180,-10.183615,-1.98366
42181,-10.1691675,-1.9986368
42182,-10.170756,-1.9985596
42183,-10.168326,-1.9963194
42184,-10.162824,-2.0068934
9447,8.786884,1.6068593
47235,8.78268,1.599806
47236,8.781641,1.6080462
47237,8.7863655,1.6052871
47238,8.787875,1.6032149
47239,8.791383,1.6022804
4735,19.050753,0.36987397
23675,19.04689,0.36687672
23676,19.05381,0.372434
23677,19.056084,0.37453043
23678,19.053204,0.3720013
23679,19.049742,0.36907172
3536,4.0665956,6.566709
17680,4.069289,6.534782
17681,4.0584173,6.554127
17682,4.0559435,6.5599575
17683,4.0438404,6.5606823
17684,4.0457606,6.562934
200,-5.899316,-4.6277046
1000,-5.910808,-4.6234503
1001,-5.912626,-4.6187634
1002,-5.9157095,-4.607828
1003,-5.915796,-4.602905
1004,-5.8995733,-4.632286
3419,-4.5939612,-2.708693
17095,-4.5729327,-2.694682
17096,-4.5899916,-2.7097704
17097,-4.5970187,-2.7031004
17098,-4.586911,-2.7088056
17099,-4.582813,-2.7051213
8109,12.495936,-4.1907573
40545,12.4996605,-4.1933875
40546,12.495483,-4.190873
40547,12.492614,-4.1895432
40548,12.492874,-4.1941895
40549,12.49768,-4.1909456
1225,16.893797,3.807658
6125,16.907013,3.8004875
6126,16.898693,3.8131812
6127,16.911564,3.798839
6128,16.902187,3.800816
6129,16.922707,3.7836556
1691,7.634064,-6.0154843
8455,7.6476026,-6.015999
8456,7.6529374,-6.0196877
8457,7.6463895,-5.994861
8458,7.6486225,-5.958289
8459,7.652781,-5.9730725
6978,11.0957155,0.6075205
34890,11.093014,0.60696614
34891,11.08971,0.6089472
34892,11.09089,0.60601366
34893,11.100327,0.60264647
34894,11.088216,0.60550064
6898,10.002371,-9.845238
34490,9.989408,-9.859729
34491,9.995874,-9.855714
34492,10.019629,-9.85992
34493,10.009042,-9.8362255
34494,10.004687,-9.840053
5949,1.549767,1.3147099
29745,1.5401672,1.3074678
29746,1.5505966,1.3244979
29747,1.5506531,1.2783554
29748,1.5260477,1.2972897
29749,1.5357751,1.3183502
4941,1.442341,-3.1648595
24705,1.4554895,-3.1680298
24706,1.4562157,-3.17997
24707,1.4601068,-3.1783073
24708,1.4590372,-3.1725225
24709,1.4572374,-3.184764
1867,6.493893,4.425841
9335,6.497955,4.4212875
9336,6.4969196,4.4222317
9337,6.494409,4.426105
9338,6.494653,4.4280357
9339,6.4936643,4.4276223
4394,11.571257,10.928274
21970,11.578336,10.9252615
21971,11.580485,10.924535
21972,11.5848,10.926262
21973,11.600235,10.923495
21974,11.580397,10.92497
689,2.6416173,6.428277
3445,2.6600068,6.434556
3446,2.642737,6.429265
3447,2.645014,6.4276004
3448,2.6352317,6.426764
3449,2.6314094,6.426558
621,18.39597,3.5062325
3105,18.404078,3.5116732
3106,18.393936,3.506637
3107,18.433434,3.5179174
3108,18.386204,3.5061698
3109,18.374557,3.4922347
4129,-8.4738,-2.8865592
20645,-8.49306,-2.898561
20646,-8.482947,-2.8723354
20647,-8.470637,-2.8891866
20648,-8.455817,-2.8758152
20649,-8.470065,-2.8933444
4266,10.995099,10.733509
21330,11.007195,10.726228
21331,11.015595,10.734501
21332,11.006527,10.74987
21333,11.003158,10.747669
21334,11.004406,10.730607
6030,-1.3927479,5.4277344
30150,-1.4025828,5.4214034
30151,-1.3986133,5.4255023
30152,-1.4149057,5.4103813
30153,-1.3870499,5.431317
30154,-1.3969264,5.41947
7107,-2.2104445,4.7614846
35535,-2.1845555,4.7848043
35536,-2.2379193,4.7283854
35537,-2.2145042,4.7511516
35538,-2.2148232,4.750391
35539,-2.2502944,4.6960354
9638,-5.3907905,-5.882735
48190,-5.4646187,-5.9680204
48191,-5.4579315,-5.978238
48192,-5.411208,-5.9369206
48193,-5.4432116,-5.948907
48194,-5.4375234,-5.940563
4563,6.766287,-7.018819
22815,6.7502213,-7.0173306
22816,6.774201,-7.0185847
22817,6.76451,-7.0183854
22818,6.746949,-7.0212746
22819,6.764465,-7.017191
4319,-9.788655,10.58998
21595,-9.773287,10.59542
21596,-9.777693,10.592975
21597,-9.759165,10.618653
21598,-9.77301,10.599684
21599,-9.784499,10.583949
7314,-8.113203,-0.3353652
36570,-8.125089,-0.31049472
36571,-8.124047,-0.3113981
36572,-8.13007,-0.31185418
36573,-8.127963,-0.30340937
36574,-8.118225,-0.3249618
7637,-7.915751,0.38166675
38185,-7.9321613,0.37322518
38186,-7.890205,0.39759865
38187,-7.912348,0.39449885
38188,-7.900929,0.39471895
38189,-7.9357753,0.37023595
378,10.784702,11.136798
1890,10.810213,11.1338215
1891,10.794514,11.121334
1892,10.805057,11.113946
1893,10.782307,11.138026
1894,10.798811,11.107831
8065,3.891753,3.113131
40325,3.9072459,3.101448
40326,3.9164877,3.113825
40327,3.905908,3.1039467
40328,3.8973362,3.104059
40329,3.9000423,3.1025462
1511,1.6977582,-12.934178
7555,1.6990097,-12.933049
7556,1.6588521,-12.895194
7557,1.7147725,-12.922088
7558,1.7046604,-12.928909
7559,1.6643666,-12.952728
3401,4.9690638,5.946886
17005,4.9456964,5.967929
17006,4.970448,5.946383
17007,4.9816875,5.936543
17008,4.9602456,5.9519577
17009,4.945103,5.967349
1646,17.49316,7.216442
8230,17.485828,7.209151
8231,17.492449,7.2157607
8232,17.480133,7.203478
8233,17.484415,7.207694
8234,17.489605,7.2130237
2923,4.2237115,-1.0001014
14615,4.2331524,-0.99126
14616,4.2362657,-0.986958
14617,4.2443004,-0.97169834
14618,4.25458,-0.9598892
14619,4.2369146,-0.9787552
7631,-4.431249,9.107152
38155,-4.438422,9.10216
38156,-4.4337325,9.106902
38157,-4.4279714,9.106965
38158,-4.4119368,9.108174
38159,-4.435112,9.106662
5388,1.7602699,0.69294804
26940,1.7709619,0.67162204
26941,1.767963,0.67324245
26942,1.7666793,0.6742755
26943,1.7609142,0.67736906
26944,1.7742461,0.68727905
6393,12.776357,-11.595375
31965,12.749397,-11.567553
31966,12.761038,-11.578655
31967,12.777291,-11.595523
31968,12.760723,-11.578002
31969,12.749211,-11.566863
5444,20.78362,1.7037157
27220,20.782734,1.7018454
27221,20.762604,1.6830709
27222,20.783813,1.7031926
27223,20.77333,1.6934735
27224,20.76616,1.6863375
4761,21.208668,2.0066655
23805,21.220741,2.0179799
23806,21.250553,2.0417
23807,21.235392,2.0280282
23808,21.221964,2.0190504
23809,21.211163,2.0112998
6867,-5.5821676,13.016505
34335,-5.6124983,12.982373
34336,-5.5667105,13.032129
34337,-5.5909185,13.007241
34338,-5.584437,13.014404
34339,-5.5806756,13.012043
6766,12.967565,-4.364575
33830,12.995561,-4.371278
33831,12.986863,-4.3676972
33832,12.997777,-4.37139
33833,12.990739,-4.370082
33834,12.997215,-4.367567
6686,-8.305287,-1.7642925
33430,-8.289072,-1.7575598
33431,-8.284402,-1.7688047
33432,-8.296107,-1.773606
33433,-8.289689,-1.7645723
33434,-8.2757225,-1.7564514
1070,0.37525785,8.355467
5350,0.34384468,8.337676
5351,0.34095997,8.334294
5352,0.36716014,8.343451
5353,0.40110293,8.37589
5354,0.34182703,8.336679
8508,5.850131,10.124432
42540,5.8463407,10.119149
42541,5.8353443,10.107637
42542,5.8588305,10.135953
42543,5.8308334,10.098551
42544,5.8481975,10.121202
2905,4.612424,-4.8376374
14525,4.619161,-4.85341
14526,4.6346126,-4.8708634
14527,4.6209283,-4.848745
14528,4.621116,-4.851049
14529,4.6275144,-4.857431
9155,9.368326,3.8167224
45775,9.369741,3.8169053
45776,9.392518,3.8377163
45777,9.361839,3.7997756
45778,9.370803,3.8178947
45779,9.370693,3.8182247
2270,6.4623313,-4.938133
11350,6.4542975,-4.945142
11351,6.4574704,-4.943722
11352,6.4551787,-4.940717
11353,6.435687,-4.932153
11354,6.4285445,-4.9597516
6583,-1.7763238,5.8907504
32915,-1.780395,5.924964
32916,-1.7631414,5.889511
32917,-1.7804565,5.9012527
32918,-1.774829,5.9114237
32919,-1.7768047,5.913415
4778,-9.623915,9.582706
23890,-9.610911,9.581969
23891,-9.621755,9.555834
23892,-9.632465,9.604914
23893,-9.619343,9.592405
23894,-9.625064,9.590822
1083,16.890932,-1.5833429
5415,16.879784,-1.5856254
5416,16.890455,-1.5827804
5417,16.887424,-1.5882181
5418,16.889837,-1.5834502
5419,16.887947,-1.58426
1752,-6.7171903,8.629332
8760,-6.7271004,8.632028
8761,-6.7212377,8.631248
8762,-6.7407236,8.655226
8763,-6.723532,8.637858
8764,-6.7291694,8.622925
2089,1.5630643,11.050724
10445,1.5408454,11.084395
10446,1.536764,11.073953
10447,1.5395007,11.091913
10448,1.5569115,11.072399
10449,1.5268813,11.076501
4781,5.2077546,-10.049027
23905,5.217061,-10.053708
23906,5.1944747,-10.061514
23907,5.2040153,-10.051284
23908,5.2096887,-10.046717
23909,5.204783,-10.048078
7739,-8.34444,4.3163686
38695,-8.341781,4.3209047
38696,-8.341752,4.321007
38697,-8.353999,4.307583
38698,-8.349835,4.313825
38699,-8.342246,4.319065
185,10.798548,11.107196
925,10.805053,11.108015
926,10.793528,11.112958
927,10.79074,11.0944195
928,10.794993,11.1113405
929,10.78858,11.11769
4398,-7.0579104,5.2753177
21990,-7.0587773,5.2737284
21991,-7.0591354,5.2731524
21992,-7.068365,5.2878113
21993,-7.0605597,5.272339
21994,-7.060312,5.2690926
7857,4.6882753,-5.797446
39285,4.699934,-5.8110123
39286,4.691752,-5.804767
39287,4.683954,-5.787546
39288,4.687428,-5.7954288
39289,4.6876993,-5.796057
8056,6.550631,-0.80717146
40280,6.553842,-0.7697507
40281,6.586661,-0.77591
40282,6.589072,-0.7545695
40283,6.5879793,-0.79135615
40284,6.558708,-0.7741419
3637,-1.0593821,11.244456
18185,-1.0355463,11.274933
18186,-1.0578867,11.2502985
18187,-1.0250784,11.283021
18188,-1.0639861,11.243823
18189,-1.0602741,11.247936
5194,14.873986,7.974505
25970,14.870727,7.9700427
25971,14.857708,7.944264
25972,14.869284,7.9702935
25973,14.878443,7.9794993
25974,14.874569,7.9748435
463,14.353689,2.9180968
2315,14.324589,2.896404
2316,14.329488,2.9094467
2317,14.342022,2.9340878
2318,14.345252,2.913669
2319,14.335111,2.947335
9858,-5.437587,-5.977669
49290,-5.4336596,-5.9663243
49291,-5.4545264,-5.98428
49292,-5.420341,-5.9508686
49293,-5.4348826,-5.973807
49294,-5.4372406,-5.9721026
4902,-8.330952,0.13330166
24510,-8.311613,0.12275932
24511,-8.304312,0.10339281
24512,-8.298856,0.12257845
24513,-8.309567,0.11356561
24514,-8.314768,0.118085325
7006,-10.643177,3.1217637
35030,-10.647476,3.121066
35031,-10.61647,3.1116958
35032,-10.638834,3.1150963
35033,-10.639172,3.1091456
35034,-10.64132,3.1189926
5663,18.714312,0.107351646
28315,18.713625,0.09678453
28316,18.705288,0.09772357
28317,18.720486,0.10209746
28318,18.73983,0.12850648
28319,18.70405,0.09880584
4079,1.9395775,-12.731917
20395,1.9251268,-12.744147
20396,1.9517527,-12.7218685
20397,1.9231668,-12.745835
20398,1.934832,-12.736163
20399,1.9065948,-12.760789
4290,8.5985155,3.1665738
21450,8.599327,3.1649234
21451,8.6151085,3.1884215
21452,8.609763,3.1865833
21453,8.601799,3.1686127
21454,8.600176,3.1581395
430,3.628954,7.2702575
2150,3.632699,7.2671204
2151,3.627132,7.2729297
2152,3.6353865,7.2575364
2153,3.6313322,7.2662096
2154,3.6197104,7.279421
1786,10.35051,-8.398722
8930,10.336693,-8.388375
8931,10.343441,-8.390009
8932,10.348145,-8.395851
8933,10.338087,-8.400711
8934,10.344331,-8.391308
5919,-6.855718,8.632715
29595,-6.870162,8.632183
29596,-6.886397,8.644687
29597,-6.8964944,8.631523
29598,-6.8803825,8.631048
29599,-6.8680964,8.628717
2398,3.919331,6.666007
11990,3.9392757,6.624834
11991,3.9251096,6.6845603
11992,3.9191835,6.6492
11993,3.9427896,6.6107807
11994,3.8981438,6.6548467
7335,7.669446,-5.8021355
36675,7.669174,-5.8051877
36676,7.6923156,-5.762701
36677,7.670893,-5.793735
36678,7.6690083,-5.805566
36679,7.6709366,-5.797058
9845,-9.983002,-2.1966186
49225,-9.992127,-2.1940582
49226,-9.998659,-2.1871493
49227,-9.993581,-2.1920931
49228,-9.998632,-2.184461
49229,-9.990761,-2.1952162
6964,1.6817602,16.18418
34820,1.6816614,16.183916
34821,1.6817358,16.18417
34822,1.6817508,16.18415
34823,1.68168,16.18412
34824,1.6817379,16.184114
6806,3.4535308,-8.809472
34030,3.4657059,-8.805491
34031,3.446149,-8.812656
34032,3.4613602,-8.806573
34033,3.456936,-8.807971
34034,3.4543042,-8.808777
850,1.7337976,-12.9032135
4250,1.7183149,-12.918194
4251,1.706332,-12.921513
4252,1.7100556,-12.922447
4253,1.7133068,-12.920212
4254,1.7291379,-12.902196
6054,-1.9460311,-1.9635333
30270,-1.9060378,-1.9431287
30271,-1.929162,-1.9591856
30272,-1.9200039,-1.9491196
30273,-1.9327143,-1.9607402
30274,-1.9286216,-1.9580659
1350,4.9823036,-2.53661
6750,4.958598,-2.5513413
6751,4.97295,-2.5463042
6752,4.9789414,-2.528265
6753,4.9666877,-2.5478637
6754,4.969059,-2.5456097
2321,5.294556,-9.96232
11605,5.2895246,-9.966292
11606,5.2739835,-9.982227
11607,5.280003,-9.975583
11608,5.3196383,-9.932839
11609,5.2570853,-10.007643
4755,4.3765783,2.2788427
23775,4.3700275,2.2765973
23776,4.3718185,2.2856128
23777,4.3753166,2.2808406
23778,4.363197,2.2793596
23779,4.375336,2.2752314
2014,11.087803,-11.747574
10070,11.087314,-11.747942
10071,11.087361,-11.748403
10072,11.087593,-11.7482605
10073,11.087179,-11.748533
10074,11.082291,-11.754854
8654,0.7843332,8.510266
43270,0.80261964,8.51731
43271,0.7926765,8.512979
43272,0.76236254,8.503194
43273,0.78396237,8.50985
43274,0.7827167,8.509827
7828,9.40968,1.0593925
39140,9.376543,1.0909704
39141,9.410871,1.0506437
39142,9.417017,1.0416236
39143,9.396274,1.0700579
39144,9.399761,1.0643604
7196,-1.4629596,0.99505985
35980,-1.4810923,0.99099493
35981,-1.4883599,0.97349423
35982,-1.4539231,0.99810725
35983,-1.4657068,0.9930032
35984,-1.4853468,0.9860186
2696,9.459566,-10.250441
13480,9.468868,-10.254953
13481,9.472534,-10.247402
13482,9.47038,-10.251274
13483,9.479876,-10.25263
13484,9.458281,-10.249492
40,-5.9474115,-4.555936
200,-5.947716,-4.5559454
201,-5.95168,-4.544275
202,-5.948671,-4.5540285
203,-5.9461246,-4.55606
204,-5.94624,-4.557412
3809,6.5741963,-1.0710214
19045,6.5695395,-1.062278
19046,6.5776224,-1.05664
19047,6.578814,-1.0550977
19048,6.595467,-1.0451647
19049,6.579187,-1.0680343
5303,-2.7068667,-10.770857
26515,-2.702883,-10.7749
26516,-2.7102964,-10.767034
26517,-2.7037125,-10.773976
26518,-2.714445,-10.763116
26519,-2.7077212,-10.769926
2225,5.008796,-6.3935466
11125,5.0098104,-6.3930273
11126,5.0106163,-6.395996
11127,5.0217743,-6.408807
11128,5.0051775,-6.391632
11129,5.009117,-6.393497
3241,11.6667,5.6958117
16205,11.645042,5.6731377
16206,11.663953,5.68457
16207,11.66604,5.6936226
16208,11.6291275,5.7227345
16209,11.664539,5.695327
2035,15.990577,-4.9698353
10175,15.994248,-4.9710207
10176,15.986747,-4.979147
10177,15.984348,-4.981044
10178,15.995613,-4.951509
10179,15.9884615,-4.9693317
5136,14.92171,-5.89846
25680,14.935073,-5.892714
25681,14.9429655,-5.9099965
25682,14.931165,-5.912385
25683,14.933758,-5.919829
25684,14.91437,-5.9135523
6051,-1.0044234,11.304941
30255,-1.0071352,11.301766
30256,-0.9863391,11.321442
30257,-0.9905853,11.318805
30258,-0.9865152,11.321854
30259,-1.0249217,11.28292
1829,4.515089,6.4295726
9145,4.5276275,6.417971
9146,4.5194507,6.426462
9147,4.52481,6.4259
9148,4.50473,6.442939
9149,4.5188613,6.426978
3106,1.449773,-1.8270192
15530,1.4613239,-1.7888004
15531,1.4495077,-1.8211496
15532,1.4496396,-1.8409243
15533,1.4502867,-1.8247011
15534,1.4511571,-1.8183972
8126,-10.6217785,3.0656204
40630,-10.581372,3.0238154
40631,-10.634476,3.068385
40632,-10.601878,3.0466368
40633,-10.589269,3.0349379
40634,-10.616719,3.0677676
5958,0.46742988,-13.408163
29790,0.46771324,-13.408142
29791,0.4874659,-13.388442
29792,0.46729782,-13.408333
29793,0.44531488,-13.429786
29794,0.48135173,-13.397742
1431,14.153097,3.2970033
7155,14.188751,3.2547247
7156,14.175983,3.2732737
7157,14.180798,3.2655203
7158,14.166971,3.2794857
7159,14.181332,3.2598243
9766,-2.2012687,9.509634
48830,-2.191021,9.511242
48831,-2.1866734,9.5162115
48832,-2.196951,9.51132
48833,-2.1749442,9.525807
48834,-2.198701,9.511984
7920,6.746581,-0.675853
39600,6.7426834,-0.6795218
39601,6.7367487,-0.66268045
39602,6.7607613,-0.677639
39603,6.740985,-0.63336587
39604,6.7462864,-0.674704
7460,-10.400867,10.367732
37300,-10.386603,10.3457775
37301,-10.3767,10.350576
37302,-10.398347,10.334171
37303,-10.381874,10.345801
37304,-10.381041,10.348155
1686,9.968631,-7.8388553
8430,9.960879,-7.830319
8431,9.963179,-7.834675
8432,9.960975,-7.8359346
8433,9.967435,-7.8493857
8434,9.959876,-7.8335767
7063,-9.678947,1.0912982
35315,-9.66567,1.1257558
35316,-9.664102,1.1064575
35317,-9.663054,1.1136632
35318,-9.663642,1.107964
35319,-9.688547,1.1312628
6948,-2.0712235,3.666138
34740,-2.0712686,3.6645863
34741,-2.0714018,3.6653986
34742,-2.070165,3.6655898
34743,-2.072064,3.6663105
34744,-2.0760548,3.6725743
2940,17.764544,-10.093533
14700,17.764593,-10.094635
14701,17.764534,-10.094199
14702,17.76459,-10.093459
14703,17.76453,-10.094188
14704,17.764526,-10.094179
7804,-4.4399247,6.1911697
39020,-4.4694405,6.2096972
39021,-4.4682493,6.2092075
39022,-4.4678507,6.209044
39023,-4.470066,6.1945987
39024,-4.46498,6.2131243
8031,13.606822,5.738833
40155,13.612465,5.73451
40156,13.608137,5.7391925
40157,13.610175,5.7357283
40158,13.611402,5.734967
40159,13.611636,5.7345147
2664,4.641274,-4.8328648
13320,4.6360936,-4.855589
13321,4.5956883,-4.812389
13322,4.629871,-4.851745
13323,4.6034184,-4.820057
13324,4.6013474,-4.8216605
4212,-0.9994645,10.072693
21060,-0.99019414,10.07983
21061,-0.99369013,10.07221
21062,-1.0041751,10.069801
21063,-0.99584204,10.065931
21064,-0.9689857,10.09567
5690,-7.9879026,-2.637807
28450,-7.996644,-2.6372056
28451,-7.9878836,-2.6197388
28452,-7.9871836,-2.637087
28453,-7.997486,-2.6318393
28454,-7.988979,-2.6317983
5796,-6.698036,-2.4909542
28980,-6.723007,-2.5110152
28981,-6.7023053,-2.4915257
28982,-6.70377,-2.493861
28983,-6.6959834,-2.4847925
28984,-6.7055454,-2.4969537
3783,13.695891,2.6659591
18915,13.696347,2.6688347
18916,13.706809,2.6685607
18917,13.680415,2.6647809
18918,13.687372,2.6664555
18919,13.680169,2.6647546
3656,14.765055,-5.024258
18280,14.755144,-5.0219307
18281,14.755456,-5.0323796
18282,14.758353,-5.0411716
18283,14.760879,-5.036527
18284,14.76171,-5.0313373
2062,7.7804923,-1.8316017
10310,7.7783284,-1.8287002
10311,7.7929554,-1.8457903
10312,7.781193,-1.8309333
10313,7.7713547,-1.822939
10314,7.7838316,-1.8351427
1982,-6.293839,7.8825936
9910,-6.3025303,7.891802
9911,-6.3172255,7.9047337
9912,-6.2946563,7.886241
9913,-6.2887154,7.878391
9914,-6.291219,7.8803144
9270,-1.1242036,1.0813183
46350,-1.1326194,1.0790322
46351,-1.1127961,1.0852503
46352,-1.1066135,1.0876511
46353,-1.1235261,1.0683007
46354,-1.1316055,1.0783057
9229,-3.040403,8.17055
46145,-3.0427063,8.167393
46146,-3.0497875,8.141083
46147,-3.0477493,8.178269
46148,-3.0423872,8.178722
46149,-3.0404277,8.170986
3218,20.248224,7.9145827
16090,20.239902,7.9252224
16091,20.246683,7.917509
16092,20.22768,7.9334035
16093,20.211935,7.953501
16094,20.243814,7.918901
6119,-2.3789072,-1.6447096
30595,-2.364174,-1.6555759
30596,-2.3487082,-1.673256
30597,-2.379786,-1.6448401
30598,-2.3538425,-1.6686953
30599,-2.3478055,-1.6745448
4584,7.6529455,-6.0925255
22920,7.65657,-6.11371
22921,7.660027,-6.1287866
22922,7.6586275,-6.119413
22923,7.658197,-6.11123
22924,7.6695404,-6.1752086
6257,-9.85876,10.471983
31285,-9.855351,10.45956
31286,-9.862943,10.488125
31287,-9.865472,10.464702
31288,-9.855985,10.459271
31289,-9.854604,10.469148
4571,12.588186,-11.392168
22855,12.600615,-11.40571
22856,12.614096,-11.420387
22857,12.592274,-11.395752
22858,12.606105,-11.410959
22859,12.71198,-11.517868
1549,11.026452,10.912465
7745,11.09126,10.916688
7746,11.059186,10.8945055
7747,11.060773,10.88795
7748,11.065482,10.838251
7749,11.069578,10.876229
8747,-0.9772739,-1.4688139
43735,-0.9945599,-1.4852713
43736,-0.99792504,-1.4905622
43737,-0.988405,-1.4803085
43738,-0.9934784,-1.484253
43739,-0.9973988,-1.4886452
5453,20.902946,1.8145012
27265,20.862656,1.775892
27266,20.847153,1.761927
27267,20.942505,1.8468359
27268,20.881432,1.7940248
27269,20.890493,1.799323
945,7.20003,-8.061833
4725,7.1972814,-8.0637045
4726,7.1996627,-8.062778
4727,7.1991463,-8.065059
4728,7.1990995,-8.063512
4729,7.198807,-8.064202
4710,12.55014,-4.248554
23550,12.606602,-4.273105
23551,12.551308,-4.2428193
23552,12.569485,-4.2488446
23553,12.556763,-4.2538786
23554,12.554948,-4.2384467
2508,-10.004605,1.8359087
12540,-10.018188,1.8477585
12541,-9.9994755,1.8358517
12542,-10.018338,1.8473637
12543,-10.00822,1.8311721
12544,-10.004267,1.8380177
7837,-4.150453,9.097123
39185,-4.161138,9.109173
39186,-4.1774025,9.125921
39187,-4.173298,9.127652
39188,-4.1564813,9.122671
39189,-4.153728,9.113189
7101,-2.4978716,-1.572605
35505,-2.4934654,-1.5793648
35506,-2.4936883,-1.5784976
35507,-2.5320578,-1.5402154
35508,-2.4972258,-1.5761135
35509,-2.5000627,-1.5713505
476,2.1655047,-9.35002
2380,2.1821113,-9.330476
2381,2.1971374,-9.3189535
2382,2.196062,-9.319823
2383,2.196567,-9.319853
2384,2.1818733,-9.333815
3738,10.234136,-9.358698
18690,10.237903,-9.342841
18691,10.229961,-9.366421
18692,10.23348,-9.358218
18693,10.232294,-9.354531
18694,10.22906,-9.368467
7248,2.5913844,-9.027868
36240,2.6131053,-9.01259
36241,2.5791073,-9.034364
36242,2.5943196,-9.026484
36243,2.592032,-9.031344
36244,2.5979044,-9.025614
5412,7.9177775,-1.9305284
27060,7.929363,-1.9406426
27061,7.9221907,-1.9322188
27062,7.9342575,-1.9426954
27063,7.922792,-1.9350147
27064,7.9328437,-1.9471514
8204,0.9612193,12.125045
41020,0.9613666,12.128736
41021,0.95952594,12.121883
41022,0.96225053,12.128094
41023,0.9575353,12.114197
41024,0.9546527,12.109917
8257,10.951031,13.984086
41285,10.951002,13.984198
41286,10.950942,13.983268
41287,10.950669,13.983915
41288,10.950986,13.984206
41289,10.950989,13.9840145
7710,5.7888975,5.391822
38550,5.8451543,5.333831
38551,5.844874,5.3288207
38552,5.8537865,5.320975
38553,5.8576207,5.315027
38554,5.84758,5.3269286
9373,-4.240694,14.659956
46865,-4.222135,14.682211
46866,-4.195551,14.70885
46867,-4.23042,14.671363
46868,-4.226138,14.676395
46869,-4.222018,14.680263
3541,-10.150124,2.986861
17705,-10.184533,2.9933553
17706,-10.148816,2.9709077
17707,-10.168366,2.9772213
17708,-10.137699,2.969776
17709,-10.143548,2.970491
7886,1.3790785,-3.7335582
39430,1.3671172,-3.7340112
39431,1.3681054,-3.7307606
39432,1.3670965,-3.7333777
39433,1.3769474,-3.7179322
39434,1.367708,-3.733724
3458,-0.63329476,1.4800582
17290,-0.6339635,1.480425
17291,-0.6309192,1.4816579
17292,-0.63630134,1.4779688
17293,-0.6308381,1.4816793
17294,-0.6304991,1.481877
628,15.81227,-3.8006458
3140,15.812036,-3.7902415
3141,15.79723,-3.8120906
3142,15.806313,-3.768894
3143,15.8144245,-3.8050838
3144,15.807181,-3.8091795
695,1.3628615,-2.7387228
3475,1.3636098,-2.7508802
3476,1.36328,-2.7407446
3477,1.3630902,-2.7366447
3478,1.3637192,-2.7500255
3479,1.3635298,-2.7465641
4062,1.117621,-4.17729
20310,1.1216683,-4.175866
20311,1.1113162,-4.192704
20312,1.1150446,-4.188367
20313,1.1197666,-4.175493
20314,1.1199399,-4.1782355
9227,-9.942575,-2.2512286
46135,-9.952757,-2.2449207
46136,-9.95263,-2.249026
46137,-9.9347925,-2.2806895
46138,-9.940383,-2.2701926
46139,-9.936517,-2.267865
5769,12.777836,-11.596682
28845,12.771945,-11.590096
28846,12.777933,-11.5968485
28847,12.770339,-11.588561
28848,12.777732,-11.596569
28849,12.778693,-11.59775
3903,4.9480877,-6.264948
19515,4.952145,-6.2736216
19516,4.9528017,-6.2742205
19517,4.954694,-6.2773767
19518,4.9447975,-6.2575226
19519,4.9469247,-6.264013
8618,-7.086755,4.715984
43090,-7.079914,4.716378
43091,-7.070062,4.7149324
43092,-7.078965,4.704872
43093,-7.084036,4.7104225
43094,-7.078453,4.7093816
4960,-7.3111653,4.818149
24800,-7.2841897,4.8316045
24801,-7.2816505,4.833176
24802,-7.293736,4.8462386
24803,-7.276775,4.830248
24804,-7.283759,4.8359118
6008,11.1378975,6.948824
30040,11.141377,6.9494624
30041,11.128225,6.9461136
30042,11.134815,6.9504824
30043,11.135076,6.9470186
30044,11.11235,6.932047
9315,-4.559802,14.042431
46575,-4.5606923,14.035264
46576,-4.56117,14.033957
46577,-4.5591173,14.033177
46578,-4.5596604,14.038501
46579,-4.5591245,14.042987
7086,-8.483469,-2.9151516
35430,-8.464312,-2.8913765
35431,-8.445002,-2.8703842
35432,-8.44419,-2.8740702
35433,-8.447497,-2.8790138
35434,-8.4626875,-2.8930054
6205,11.654157,-2.3140435
31025,11.652734,-2.3150306
31026,11.6525135,-2.314542
31027,11.652678,-2.3148715
31028,11.655685,-2.3126335
31029,11.652523,-2.3149326
199,16.103369,-3.5122051
995,16.101082,-3.525913
996,16.087107,-3.5182257
997,16.109032,-3.5167053
998,16.108315,-3.4822955
999,16.117401,-3.5164015
9723,-4.63989,13.456965
48615,-4.6511493,13.462577
48616,-4.671537,13.468901
48617,-4.6785517,13.482524
48618,-4.6583176,13.468009
48619,-4.661259,13.466992
5799,6.4835753,16.683378
28995,6.480068,16.679628
28996,6.478343,16.673162
28997,6.472009,16.663235
28998,6.480862,16.649792
28999,6.467439,16.686605
8219,15.570147,-5.7989645
41095,15.559516,-5.804104
41096,15.534779,-5.8092093
41097,15.605316,-5.7789464
41098,15.54986,-5.8154864
41099,15.556231,-5.805812
5085,11.707118,11.004353
25425,11.7129345,11.008891
25426,11.672009,10.981917
25427,11.708466,11.005834
25428,11.715503,11.008202
25429,11.722359,11.020993
6358,4.351492,-1.6834744
31790,4.355781,-1.6910183
31791,4.3574495,-1.6923985
31792,4.3570924,-1.6914326
31793,4.355711,-1.6902676
31794,4.3643413,-1.7002234
3455,1.4113647,-2.2533894
17275,1.4111861,-2.2527037
17276,1.4113028,-2.2487266
17277,1.411481,-2.2504246
17278,1.4121988,-2.2399468
17279,1.4125613,-2.2361076
9776,-9.644595,-2.7820158
48880,-9.655306,-2.7741792
48881,-9.654418,-2.7753358
48882,-9.638093,-2.7661545
48883,-9.650132,-2.7837665
48884,-9.669726,-2.7614639
9990,5.7887783,1.5779419
49950,5.7848654,1.5822062
49951,5.782126,1.5842785
49952,5.7945356,1.5697503
49953,5.77087,1.5948508
49954,5.7851973,1.581345
4370,6.435716,4.5050693
21850,6.437521,4.5033107
21851,6.4358315,4.5056677
21852,6.4275804,4.5171337
21853,6.4347973,4.5066547
21854,6.439379,4.5012703
1250,15.98913,-4.546444
6250,15.986135,-4.5453343
6251,16.01446,-4.594734
6252,16.004326,-4.582134
6253,15.987378,-4.5496354
6254,15.985198,-4.558278
7450,-1.0403868,-1.519973
37250,-1.0351374,-1.5170348
37251,-1.0395515,-1.5189873
37252,-1.0218545,-1.5097628
37253,-1.0283029,-1.5148946
37254,-1.0234046,-1.5100192
8,10.016463,-7.882454
40,10.018276,-7.8888736
41,10.01238,-7.876564
42,10.017535,-7.884346
43,10.015003,-7.881848
44,10.01887,-7.8807116
7032,6.610808,-1.0353763
35160,6.6028647,-1.0380237
35161,6.598537,-1.027469
35162,6.609204,-1.0444461
35163,6.681512,-1.0319583
35164,6.6053343,-1.0339472
3051,12.23833,-4.5893826
15255,12.248967,-4.5815277
15256,12.2439785,-4.5855713
15257,12.248099,-4.579374
15258,12.24715,-4.582604
15259,12.24107,-4.587463
5901,-9.746037,1.6583471
29505,-9.753738,1.6150365
29506,-9.753325,1.6215273
29507,-9.743091,1.6353711
29508,-9.743763,1.6483536
29509,-9.742502,1.6324475
7841,5.334798,2.009207
39205,5.327714,2.0127552
39206,5.317636,2.0133505
39207,5.33364,2.0048442
39208,5.3256245,2.016897
39209,5.3337054,2.008188
3753,1.6993359,1.0048394
18765,1.7171328,0.9950488
18766,1.8042678,0.805438
18767,1.7080683,0.98639804
18768,1.7162322,0.9711832
18769,1.6860558,1.0237492
6942,6.1321177,10.439623
34710,6.13474,10.443413
34711,6.1287665,10.434357
34712,6.1391335,10.446175
34713,6.1334276,10.442089
34714,6.128543,10.434886
278,15.223023,4.4329667
1390,15.233357,4.479196
1391,15.191346,4.453495
1392,15.202959,4.455664
1393,15.192026,4.4703465
1394,15.229744,4.4440374
6824,7.1089225,-0.70216006
34120,7.1112676,-0.6958568
34121,7.10982,-0.701551
34122,7.0987263,-0.7174542
34123,7.1418066,-0.69404083
34124,7.081338,-0.71704084
5122,0.06613956,8.319455
25610,0.06442421,8.322052
25611,0.06567424,8.298798
25612,0.0757797,8.307678
25613,0.08742938,8.300748
25614,0.07935282,8.303896
4068,-9.693975,10.667929
20340,-9.680808,10.685999
20341,-9.68294,10.68645
20342,-9.6677475,10.702593
20343,-9.676532,10.681233
20344,-9.707249,10.643156
3890,1.6764095,6.367998
19450,1.6854472,6.368266
19451,1.6760218,6.369429
19452,1.6783385,6.370097
19453,1.6921566,6.3722825
19454,1.6798024,6.369135
4506,12.218745,6.0019345
22530,12.211794,5.98959
22531,12.218649,5.9857984
22532,12.224256,5.975983
22533,12.205386,6.0098805
22534,12.206047,5.9690514
2943,2.2418327,6.2800503
14715,2.2380033,6.284345
14716,2.208853,6.271352
14717,2.2385535,6.2825623
14718,2.2211666,6.303469
14719,2.2165155,6.2909994
6859,15.441536,-5.9466834
34295,15.424561,-5.9621305
34296,15.451541,-5.9284563
34297,15.42737,-5.9324784
34298,15.464969,-5.9180923
34299,15.446642,-5.934409
1473,6.212353,12.1656065
7365,6.221866,12.159256
7366,6.2064123,12.171473
7367,6.2131033,12.1660185
7368,6.226546,12.15191
7369,6.2156453,12.163755
5223,5.202246,5.7771955
26115,5.2119308,5.7695827
26116,5.1845775,5.7848644
26117,5.232776,5.755671
26118,5.2261224,5.7661138
26119,5.225926,5.761787
5256,-8.32468,4.3261127
26280,-8.33314,4.3199987
26281,-8.292109,4.306996
26282,-8.329298,4.3219066
26283,-8.346462,4.3152947
26284,-8.318375,4.3294973
8005,9.395135,-1.013647
40025,9.366032,-1.0103247
40026,9.386149,-1.016106
40027,9.380907,-1.0084442
40028,9.391202,-1.0267922
40029,9.386589,-1.0202178
4852,19.507719,8.8365
24260,19.484592,8.849823
24261,19.517365,8.828152
24262,19.515682,8.829923
24263,19.507183,8.836834
24264,19.498959,8.845003
3539,2.5688596,-9.053427
17695,2.552034,-9.072465
17696,2.5627217,-9.065286
17697,2.5834634,-9.038282
17698,2.5811653,-9.044369
17699,2.6122944,-9.052636
1322,-1.2998194,9.014534
6610,-1.3290529,9.048258
6611,-1.2987844,9.014504
6612,-1.2976184,9.013573
6613,-1.3005475,8.997319
6614,-1.2968359,9.012548
2362,3.9921772,6.5111513
11810,3.9989963,6.5111017
11811,3.9904704,6.5129337
11812,3.9883344,6.496239
11813,3.9965293,6.508004
11814,4.027696,6.4877543
4366,4.1536813,-8.40483
21830,4.155134,-8.403138
21831,4.1475215,-8.408387
21832,4.1566133,-8.40345
21833,4.142288,-8.414863
21834,4.1543307,-8.404738
2311,-6.7820883,8.600065
11555,-6.7963963,8.576887
11556,-6.751527,8.572716
11557,-6.820378,8.579326
11558,-6.791933,8.603592
11559,-6.7977657,8.598584
9833,-4.107546,9.147972
49165,-4.112738,9.145858
49166,-4.1114287,9.147892
49167,-4.098351,9.147553
49168,-4.1149893,9.143846
49169,-4.0986886,9.150757
5788,1.7645663,0.7971036
28940,1.7493864,0.82043606
28941,1.7565238,0.82072574
28942,1.7496074,0.8154063
28943,1.7474767,0.8309026
28944,1.740412,0.81109625
5039,9.103596,-9.590528
25195,9.122269,-9.621466
25196,9.105833,-9.595446
25197,9.104208,-9.593066
25198,9.103979,-9.592354
25199,9.084094,-9.567882
3249,14.975147,8.090437
16245,14.9763155,8.091042
16246,14.968806,8.082436
16247,14.994665,8.10542
16248,14.97851,8.09258
16249,14.978132,8.093518
2045,17.879366,3.313177
10225,17.878572,3.3118546
10226,17.882412,3.3133423
10227,17.891499,3.3214943
10228,17.865496,3.3156354
10229,17.878115,3.3153036
6354,12.911193,6.2152905
31770,12.910726,6.218878
31771,12.913879,6.217188
31772,12.907861,6.216866
31773,12.913814,6.2184205
31774,12.913566,6.217311
509,10.856578,11.588942
2545,10.846057,11.571961
2546,10.85899,11.575718
2547,10.857964,11.586714
2548,10.857453,11.607278
2549,10.85799,11.5893545
8869,-3.0828862,15.874892
44345,-3.0531156,15.910224
44346,-3.0860229,15.8781595
44347,-3.0688796,15.894891
44348,-3.0859442,15.875159
44349,-3.067644,15.896338
8884,-3.5796394,8.403474
44420,-3.555661,8.410255
44421,-3.5736291,8.39852
44422,-3.5707974,8.410343
44423,-3.565133,8.394805
44424,-3.595561,8.413667
4984,1.6202528,1.4221702
24920,1.624422,1.4381506
24921,1.6051077,1.409629
24922,1.6294876,1.439737
24923,1.5935425,1.401754
24924,1.6304172,1.4392887
309,0.82707953,5.8593435
1545,0.851165,5.882857
1546,0.8374822,5.8669662
1547,0.8493176,5.881201
1548,0.84825134,5.87998
1549,0.8445409,5.874092
8301,-2.2551026,4.679552
41505,-2.2356162,4.710211
41506,-2.235451,4.7027698
41507,-2.255704,4.695679
41508,-2.2424502,4.6942434
41509,-2.252261,4.674561
1391,5.234283,-2.4650018
6955,5.239509,-2.4634533
6956,5.226605,-2.467041
6957,5.232532,-2.465787
6958,5.2319584,-2.4660232
6959,5.239438,-2.4650486
2793,6.459395,-4.9464793
13965,6.491506,-4.920808
13966,6.4574833,-4.951382
13967,6.46738,-4.946624
13968,6.4740796,-4.9565473
13969,6.498621,-4.926006
3752,8.69847,3.513507
18760,8.699503,3.5075269
18761,8.697606,3.5101788
18762,8.703156,3.5162468
18763,8.700599,3.512768
18764,8.713323,3.4887488
1427,5.691057,5.542475
7135,5.7272434,5.6074915
7136,5.7195277,5.583732
7137,5.7140303,5.5749674
7138,5.708971,5.555019
7139,5.7410235,5.5668306
651,11.224006,6.95748
3255,11.215915,6.9587355
3256,11.213081,6.9586444
3257,11.215734,6.9595547
3258,11.227888,6.956139
3259,11.227454,6.9566116
7136,1.9207832,10.340105
35680,1.9204012,10.339685
35681,1.9203889,10.339616
35682,1.9204686,10.339839
35683,1.918658,10.336428
35684,1.920161,10.339439
6289,-9.866689,2.8555946
31445,-9.844854,2.8353872
31446,-9.827505,2.8223753
31447,-9.89302,2.8676865
31448,-9.841995,2.8300056
31449,-9.911653,2.8842747
3911,7.0023603,-7.025165
19555,7.0136666,-7.0106955
19556,6.995185,-7.0308475
19557,6.961142,-7.043447
19558,7.00164,-7.0173674
19559,7.002142,-7.0175867
8563,3.867921,3.1182952
42815,3.8799396,3.109409
42816,3.8634105,3.1119196
42817,3.8449802,3.076749
42818,3.8787236,3.1076047
42819,3.8811789,3.1071062
677,-5.5227256,-6.9169507
3385,-5.506089,-6.9251747
3386,-5.508158,-6.9274125
3387,-5.501749,-6.9294376
3388,-5.50802,-6.924691
3389,-5.523716,-6.9025307
9004,5.718304,9.356583
45020,5.713474,9.36342
45021,5.745858,9.3346195
45022,5.7079105,9.367343
45023,5.7095814,9.370236
45024,5.7078996,9.368623
4521,9.445116,-1.035136
22605,9.42636,-1.0580329
22606,9.453026,-1.042738
22607,9.442231,-1.0732905
22608,9.439132,-1.0579981
22609,9.457369,-1.048223
3579,6.0632167,-5.045063
17895,6.0410604,-5.0623136
17896,6.0554614,-5.048828
17897,6.0543337,-5.048
17898,6.0554256,-5.050034
17899,6.0546536,-5.04504
1496,17.514091,-1.3806361
7480,17.517294,-1.3757718
7481,17.51627,-1.3768235
7482,17.516718,-1.3764881
7483,17.517141,-1.3761787
7484,17.52222,-1.3730092
6530,-10.141371,5.762589
32650,-10.157383,5.7450705
32651,-10.131212,5.76866
32652,-10.142243,5.7598243
32653,-10.142573,5.7606616
32654,-10.142556,5.760904
8676,-0.8802091,8.711991
43380,-0.86952764,8.707244
43381,-0.87976557,8.71151
43382,-0.8780672,8.710985
43383,-0.8830755,8.713337
43384,-0.8755262,8.709116
7709,8.338479,-8.366308
38545,8.323928,-8.3565035
38546,8.31835,-8.353575
38547,8.318332,-8.354894
38548,8.334531,-8.36177
38549,8.324798,-8.356829
9915,-5.3114433,-5.8358417
49575,-5.3152866,-5.837227
49576,-5.2889094,-5.80713
49577,-5.2829056,-5.802917
49578,-5.312727,-5.828632
49579,-5.2965946,-5.8180804
8313,-9.662605,-2.7829993
41565,-9.657208,-2.7886038
41566,-9.688109,-2.7627964
41567,-9.658329,-2.786162
41568,-9.661476,-2.78124
41569,-9.66003,-2.7852297
8839,5.5061975,9.602854
44195,5.528745,9.608545
44196,5.510085,9.613047
44197,5.504124,9.6134
44198,5.4943123,9.606984
44199,5.5234203,9.613608
8853,-4.401332,6.240516
44265,-4.4068108,6.2315073
44266,-4.4118156,6.231697
44267,-4.406571,6.233579
44268,-4.3961864,6.244101
44269,-4.414608,6.2142267
7030,19.809355,8.569238
35150,19.779203,8.594028
35151,19.799768,8.575063
35152,19.783075,8.590227
35153,19.797243,8.577675
35154,19.799873,8.574966
6086,-3.067355,15.899901
30430,-3.1009667,15.858989
30431,-3.080305,15.884782
30432,-3.0726712,15.892401
30433,-3.0863464,15.885368
30434,-3.10647,15.894632
3805,-5.5589967,13.045852
19025,-5.5604515,13.041859
19026,-5.567046,13.036205
19027,-5.548885,13.05316
19028,-5.5595303,13.0429735
19029,-5.5751925,13.027203
2828,6.5528092,-1.6337193
14140,6.5524116,-1.6297683
14141,6.554092,-1.6268126
14142,6.553271,-1.6196231
14143,6.549586,-1.5756298
14144,6.553671,-1.6227394
799,1.0645274,6.0820694
3995,1.0660193,6.0830574
3996,1.0762935,6.086831
3997,1.0948191,6.1079836
3998,1.0661383,6.08104
3999,1.0711468,6.0823984
7736,4.771694,-2.6613474
38680,4.7857537,-2.646405
38681,4.7477703,-2.6818104
38682,4.7750306,-2.6546364
38683,4.763405,-2.663906
38684,4.773709,-2.6573417
1630,14.66954,7.491921
8150,14.688603,7.4410954
8151,14.6699295,7.491482
8152,14.663149,7.4811573
8153,14.669412,7.489453
8154,14.669753,7.4914484
7983,14.796987,-5.2165737
39915,14.897428,-5.3253474
39916,14.803309,-5.211715
39917,14.844568,-5.259936
39918,14.761119,-5.192353
39919,14.841953,-5.251274
5077,14.955317,8.053208
25385,14.912679,8.014222
25386,14.902697,8.008378
25387,14.93694,8.039149
25388,14.898407,7.9969163
25389,14.922088,8.026297
9590,1.479866,11.189679
47950,1.4859656,11.178815
47951,1.492989,11.166857
47952,1.4817302,11.187104
47953,1.4829146,11.184793
47954,1.4788781,11.192034
5156,15.078172,-5.3136377
25780,15.093266,-5.3100667
25781,15.09598,-5.3154316
25782,15.094801,-5.3119144
25783,15.094125,-5.317456
25784,15.097685,-5.304696
2392,1.4139949,-3.2072654
11960,1.4153242,-3.2098188
11961,1.413759,-3.208962
11962,1.4142174,-3.2143536
11963,1.4139762,-3.2169628
11964,1.4153773,-3.2101018
6575,17.537752,7.263796
32875,17.553661,7.280158
32876,17.539066,7.2654243
32877,17.541971,7.2687798
32878,17.539421,7.265846
32879,17.538265,7.264408
6297,5.167087,9.563184
31485,5.187676,9.577223
31486,5.188388,9.569949
31487,5.177565,9.585134
31488,5.1820097,9.570877
31489,5.1777306,9.567187
1603,3.8466182,-8.67313
8015,3.8457181,-8.6742735
8016,3.8016322,-8.703429
8017,3.8573918,-8.665353
8018,3.867448,-8.654249
8019,3.838956,-8.676839
3568,5.6593895,5.5596447
17840,5.673177,5.557125
17841,5.6729913,5.558274
17842,5.6482406,5.5517464
17843,5.654787,5.5690436
17844,5.663496,5.565919
4100,20.845953,1.7653464
20500,20.842981,1.7619618
20501,20.844702,1.7642325
20502,20.849405,1.7675518
20503,20.847488,1.7666322
20504,20.84618,1.7659026
714,16.085056,-3.1605325
3570,16.059006,-3.1372814
3571,16.061016,-3.141136
3572,16.060984,-3.1372929
3573,16.058338,-3.1443658
3574,16.041624,-3.1272159
5650,-8.632013,-0.71556646
28250,-8.629564,-0.71662873
28251,-8.631887,-0.71546626
28252,-8.628514,-0.71644
28253,-8.627658,-0.71681964
28254,-8.629647,-0.7170837
1097,2.3020203,-9.23154
5485,2.315549,-9.221758
5486,2.322103,-9.216191
5487,2.2957153,-9.234485
5488,2.2951288,-9.234552
5489,2.3031547,-9.230747
3114,9.4095335,0.48141956
15570,9.397078,0.4654873
15571,9.401382,0.4708956
15572,9.4053755,0.47919104
15573,9.402699,0.47424325
15574,9.4073,0.47975138
9842,-10.360418,10.363105
49210,-10.362194,10.354573
49211,-10.342771,10.362872
49212,-10.337828,10.372884
49213,-10.355835,10.362527
49214,-10.349396,10.36591
1638,-1.2793815,9.013715
8190,-1.2541184,8.990053
8191,-1.2458113,8.984461
8192,-1.2543682,8.989321
8193,-1.2529964,8.98946
8194,-1.243683,8.982764
1613,21.235151,2.0288508
8065,21.236166,2.0298884
8066,21.241856,2.0428443
8067,21.239449,2.0334282
8068,21.228895,2.0275123
8069,21.24659,2.037658
4843,7.100811,-0.7905115
24215,7.089512,-0.7935847
24216,7.0744066,-0.76406276
24217,7.091115,-0.7927002
24218,7.1224804,-0.7854902
24219,7.095559,-0.7890069
1251,2.6545908,6.440988
6255,2.645029,6.4373574
6256,2.6719718,6.456329
6257,2.6770914,6.4694624
6258,2.6519518,6.440292
6259,2.657922,6.4448085
7845,10.52215,0.5802929
39225,10.540961,0.58672285
39226,10.517951,0.57503664
39227,10.542412,0.55395645
39228,10.532056,0.5810482
39229,10.513348,0.5734775
1744,-2.272421,0.6099001
8720,-2.2764232,0.60647595
8721,-2.2877066,0.6059731
8722,-2.2677572,0.61138535
8723,-2.2647195,0.6089101
8724,-2.3073945,0.5812599
8033,0.5191693,1.214353
40165,0.5210161,1.2157413
40166,0.5184128,1.2144557
40167,0.51534474,1.2151436
40168,0.5030599,1.1974761
40169,0.51809555,1.2139087
5735,9.844165,18.208132
28675,9.8441,18.208097
28676,9.844159,18.208128
28677,9.844115,18.208105
28678,9.844113,18.208088
28679,9.844123,18.2081
7856,-4.3203936,14.572964
39280,-4.3468347,14.54296
39281,-4.3516874,14.542142
39282,-4.3406615,14.551313
39283,-4.363374,14.526116
39284,-4.3420258,14.548686
322,14.241305,2.6873937
1610,14.239546,2.686046
1611,14.247543,2.6983018
1612,14.236003,2.6933236
1613,14.236656,2.6872876
1614,14.224121,2.6066082
3919,-2.2807682,4.7261686
19595,-2.2774708,4.7238665
19596,-2.2815585,4.717513
19597,-2.3059826,4.727366
19598,-2.267703,4.7396216
19599,-2.2932892,4.7362
1849,-4.675453,-2.6642175
9245,-4.6719236,-2.665823
9246,-4.661376,-2.6661272
9247,-4.6696196,-2.6670935
9248,-4.6753197,-2.6646626
9249,-4.687327,-2.6647303
962,1.7314415,-12.929127
4810,1.7331108,-12.907074
4811,1.7307856,-12.909055
4812,1.7373592,-12.903848
4813,1.7222996,-12.918306
4814,1.721602,-12.918521
5680,-2.6626086,-10.808608
28400,-2.6616144,-10.809452
28401,-2.648704,-10.822985
28402,-2.662386,-10.809086
28403,-2.660751,-10.809411
28404,-2.662282,-10.808703
6151,8.320693,-8.351758
30755,8.322461,-8.352632
30756,8.32038,-8.3513365
30757,8.32098,-8.352771
30758,8.320653,-8.351553
30759,8.320882,-8.351141
9877,-5.3882384,-6.4492264
49385,-5.388819,-6.440161
49386,-5.3873606,-6.444695
49387,-5.385651,-6.4477496
49388,-5.3896575,-6.438275
49389,-5.389925,-6.44263
1464,-2.0372326,4.964493
7320,-2.0680826,4.9237056
7321,-2.0712953,4.925396
7322,-2.092,4.902989
7323,-2.0836778,4.908526
7324,-2.0591094,4.9381785
3445,-10.119425,5.760323
17225,-10.136347,5.7357655
17226,-10.112175,5.7747865
17227,-10.112362,5.774856
17228,-10.118662,5.7653275
17229,-10.1154375,5.767528
9111,-7.7384605,0.48743868
45555,-7.7419066,0.48278433
45556,-7.7557435,0.47259718
45557,-7.751356,0.47528777
45558,-7.674443,0.51579154
45559,-7.746991,0.47935343
4520,7.6842484,-6.448943
22600,7.691903,-6.4707823
22601,7.689387,-6.46052
22602,7.6889997,-6.433563
22603,7.691872,-6.468927
22604,7.6997495,-6.4408574
7961,15.108253,1.453956
39805,15.112449,1.4584701
39806,15.114459,1.4616193
39807,15.127322,1.4773962
39808,15.11425,1.4645174
39809,15.1052,1.4554223
2025,14.848196,1.3465012
10125,14.851792,1.3424298
10126,14.852843,1.3416871
10127,14.850037,1.3465341
10128,14.846843,1.3503635
10129,14.848954,1.347285
7145,-6.7691784,-2.5382416
35725,-6.776257,-2.54769
35726,-6.7812576,-2.5483618
35727,-6.786945,-2.5580616
35728,-6.773513,-2.5459716
35729,-6.7813687,-2.5537095
5773,6.5013194,16.796658
28865,6.5116076,16.787827
28866,6.517398,16.794767
28867,6.492534,16.8002
28868,6.5117607,16.794548
28869,6.5102882,16.790857
4978,15.045697,4.3708105
24890,15.052276,4.3822303
24891,15.0572815,4.3952217
24892,15.054908,4.393846
24893,15.053131,4.405948
24894,15.050833,4.393579
7357,6.2739973,16.990955
36785,6.2717013,16.992298
36786,6.2767506,16.98839
36787,6.273199,16.992754
36788,6.273696,16.993774
36789,6.2745404,16.991955
630,18.544264,3.5565932
3150,18.559109,3.5595822
3151,18.551722,3.557552
3152,18.560837,3.5634933
3153,18.544224,3.554197
3154,18.54649,3.5555007
2834,18.50302,-1.0077771
14170,18.491028,-0.9952005
14171,18.495277,-0.9914209
14172,18.489754,-0.99283516
14173,18.502743,-1.0001713
14174,18.495117,-0.9941092
3976,1.0481812,0.5921424
19880,1.0262172,0.5781217
19881,1.0160441,0.5679691
19882,1.0168093,0.5712512
19883,1.0191869,0.5711067
19884,1.0210993,0.57142293
3716,1.6352265,6.351061
18580,1.6112541,6.32428
18581,1.6414944,6.349293
18582,1.6503302,6.3525
18583,1.6417748,6.3507967
18584,1.6393554,6.3500757
7081,-6.12933,7.7282047
35405,-6.147081,7.7498555
35406,-6.122828,7.7227755
35407,-6.1424346,7.743149
35408,-6.1235843,7.7259
35409,-6.157791,7.7590966
1957,-10.233714,5.4034305
9785,-10.236351,5.3948717
9786,-10.234971,5.3951645
9787,-10.243051,5.3730063
9788,-10.2357025,5.3982887
9789,-10.234293,5.402742
8899,-3.6806238,8.437125
44495,-3.6866727,8.451172
44496,-3.691488,8.453825
44497,-3.6789575,8.443801
44498,-3.6954653,8.46145
44499,-3.6745892,8.441791
2374,10.3712435,-8.423095
11870,10.369476,-8.42928
11871,10.358542,-8.414265
11872,10.36193,-8.413486
11873,10.356388,-8.409344
11874,10.352874,-8.414906
2588,8.665703,3.4629118
12940,8.675804,3.4530127
12941,8.660584,3.4412963
12942,8.678381,3.4570138
12943,8.671347,3.459228
12944,8.675173,3.4706323
3141,1.183821,-3.9966521
15705,1.1934277,-3.9823437
15706,1.194764,-3.9821525
15707,1.1951653,-3.9801192
15708,1.2042712,-3.9675012
15709,1.1925784,-3.9839833
5365,15.951705,-5.0481567
26825,15.9586,-5.0421524
26826,15.948948,-5.055075
26827,15.944797,-5.055942
26828,15.935595,-5.0619087
26829,15.891697,-5.1833954
3688,4.6308837,-4.8625193
18440,4.622456,-4.8534045
18441,4.6295657,-4.869012
18442,4.6252155,-4.8648186
18443,4.625181,-4.8694334
18444,4.6254454,-4.8883405
8217,6.985084,-0.7889963
41085,6.9947715,-0.7882966
41086,6.9772687,-0.8061488
41087,7.0131154,-0.8046159
41088,7.006155,-0.8188139
41089,6.9877305,-0.7940836
8123,6.9793315,-4.414985
40615,6.98002,-4.4133058
40616,6.9779587,-4.416236
40617,6.978607,-4.4162292
40618,6.9792867,-4.4145675
40619,6.978959,-4.414991
2736,9.495531,-10.198198
13680,9.508458,-10.206765
13681,9.507325,-10.206582
13682,9.573406,-10.157257
13683,9.517577,-10.198197
13684,9.491935,-10.231085
3930,13.678601,5.671409
19650,13.678391,5.671916
19651,13.6752825,5.675689
19652,13.680068,5.669795
19653,13.685937,5.6649003
19654,13.678637,5.668701
6504,-2.0455813,9.555693
32520,-2.0328932,9.560871
32521,-2.042767,9.556076
32522,-2.0398319,9.559008
32523,-2.0417495,9.556598
32524,-2.029155,9.544686
9731,-5.5445952,-6.0544114
48655,-5.5562344,-6.0683737
48656,-5.570063,-6.0818257
48657,-5.558841,-6.0693293
48658,-5.5521817,-6.0609894
48659,-5.5403056,-6.0656676
6493,9.594609,0.7869736
32465,9.592281,0.7824619
32466,9.592369,0.7623726
32467,9.572006,0.7504387
32468,9.6121235,0.8004627
32469,9.587565,0.767641
7302,-9.772228,2.8044388
36510,-9.787167,2.7119186
36511,-9.77264,2.7648377
36512,-9.777753,2.7888532
36513,-9.757509,2.7498853
36514,-9.791441,2.8085482
9332,-10.756956,3.5408363
46660,-10.753303,3.5460513
46661,-10.751052,3.5581305
46662,-10.762092,3.5693893
46663,-10.753391,3.5572932
46664,-10.757935,3.540782
1837,7.200278,-8.063883
9185,7.20078,-8.063714
9186,7.2152324,-8.047125
9187,7.2234516,-8.041196
9188,7.2020235,-8.065569
9189,7.2110724,-8.04578
166,14.483917,2.9993386
830,14.49826,2.9898903
831,14.524914,3.005474
832,14.490157,3.0019732
833,14.487917,2.9969926
834,14.482707,2.9937267
7501,15.029926,-5.367244
37505,15.019365,-5.370342
37506,15.012634,-5.366144
37507,15.04319,-5.3463244
37508,15.028338,-5.3601875
37509,15.029048,-5.372897
3737,6.0796204,-11.481577
18685,6.080345,-11.480233
18686,6.0804796,-11.479414
18687,6.0794168,-11.480746
18688,6.0613084,-11.499515
18689,6.0662494,-11.4935255
488,5.3751545,-9.821882
2440,5.3777423,-9.81058
2441,5.3797,-9.834504
2442,5.395188,-9.795044
2443,5.369241,-9.841066
2444,5.4029217,-9.797474
5315,-8.087923,-1.3208956
26575,-8.086764,-1.3217844
26576,-8.087319,-1.3392233
26577,-8.08653,-1.326769
26578,-8.10626,-1.3231483
26579,-8.091056,-1.3266234
7726,4.962319,0.036767516
38630,4.9492426,0.04865343
38631,4.9623165,0.030794133
38632,4.94329,0.052541386
38633,4.9463906,0.05860147
38634,4.956157,0.045365028
6702,13.637829,2.6717088
33510,13.610155,2.6812563
33511,13.633266,2.6667297
33512,13.636262,2.667511
33513,13.636314,2.6686325
33514,13.629366,2.6721597
1111,12.0032835,6.696541
5555,11.999324,6.70506
5556,11.980137,6.712594
5557,11.99655,6.7002015
5558,12.024451,6.653137
5559,11.997826,6.703265
1756,-8.076493,-2.6785362
8780,-8.106064,-2.7126951
8781,-8.076442,-2.662363
8782,-8.070313,-2.675011
8783,-8.066578,-2.675404
8784,-8.078882,-2.6834414
9234,-9.969455,2.9234526
46170,-9.998195,2.9424884
46171,-9.957962,2.9156554
46172,-9.941984,2.9029105
46173,-9.973125,2.9255118
46174,-9.970295,2.9313881
7071,7.2282257,11.897525
35355,7.2378626,11.886028
35356,7.2303815,11.892212
35357,7.2148237,11.893947
35358,7.2332673,11.88432
35359,7.23848,11.882955
2399,0.56899434,-13.331679
11995,0.5530399,-13.348039
11996,0.57955635,-13.321614
11997,0.5378378,-13.362814
11998,0.5651052,-13.3342285
11999,0.5734176,-13.3290615
2387,-9.614414,8.899019
11935,-9.614678,8.898034
11936,-9.616313,8.894318
11937,-9.614803,8.890931
11938,-9.615276,8.886595
11939,-9.616168,8.890211
1007,11.922881,6.778299
5035,11.928193,6.776264
5036,11.931753,6.7787895
5037,11.92496,6.783166
5038,11.933702,6.7733026
5039,11.931567,6.7753897
5742,-8.390829,0.1412197
28710,-8.461062,0.1668544
28711,-8.406875,0.14895213
28712,-8.379142,0.13884817
28713,-8.414185,0.13872094
28714,-8.462142,0.16812891
731,14.216406,2.6782563
3655,14.199131,2.717066
3656,14.207218,2.6872947
3657,14.1957035,2.7111425
3658,14.215163,2.7000494
3659,14.215412,2.688873
5351,9.504816,-10.221843
26755,9.489858,-10.238065
26756,9.523187,-10.201524
26757,9.506461,-10.22056
26758,9.505503,-10.22236
26759,9.523286,-10.20148
8719,8.787066,3.3384318
43595,8.782212,3.3689516
43596,8.783388,3.3433077
43597,8.781375,3.3518045
43598,8.768999,3.365059
43599,8.8067045,3.3862991
5664,7.704599,-1.7610856
28320,7.6922383,-1.745642
28321,7.7003627,-1.755584
28322,7.698012,-1.7539945
28323,7.6970778,-1.752787
28324,7.682386,-1.7397605
6394,5.8907146,5.272379
31970,5.862725,5.260089
31971,5.886941,5.2775726
31972,5.890614,5.273849
31973,5.8872423,5.2775607
31974,5.8789377,5.2906427
2620,0.7489736,1.3771526
13100,0.7385439,1.3766631
13101,0.75508326,1.3792385
13102,0.7566269,1.3836354
13103,0.75171375,1.3735482
13104,0.7647955,1.3803524
5109,4.367098,-2.9706957
25545,4.391562,-2.9526987
25546,4.362653,-2.9788475
25547,4.3858547,-2.9563038
25548,4.3901663,-2.9521856
25549,4.37862,-2.9632964
3324,-5.7980328,-5.023971
16620,-5.7899475,-5.05214
16621,-5.796114,-5.0300727
16622,-5.8053684,-5.0009513
16623,-5.7994385,-5.018827
16624,-5.8070216,-4.997051
3761,-6.8604937,-2.6892912
18805,-6.877875,-2.693793
18806,-6.862914,-2.667738
18807,-6.85476,-2.6750772
18808,-6.860767,-2.682067
18809,-6.8588815,-2.6815505
543,2.6089776,-6.993451
2715,2.6096163,-6.9930377
2716,2.6091378,-6.9931226
2717,2.6089087,-6.993607
2718,2.6093962,-6.9938293
2719,2.6089811,-6.9935207
1814,10.76243,9.66993
9070,10.749688,9.667033
9071,10.746411,9.6616535
9072,10.744379,9.658251
9073,10.745405,9.656922
9074,10.741993,9.652418
8479,-2.7576525,9.20412
42395,-2.7774978,9.238424
42396,-2.8046849,9.141922
42397,-2.8034098,9.23029
42398,-2.7918625,9.243631
42399,-2.787138,9.2297125
8263,-5.1562037,-7.201635
41315,-5.1870346,-7.1651692
41316,-5.1855764,-7.1670294
41317,-5.1842036,-7.167422
41318,-5.174432,-7.180959
41319,-5.179716,-7.1722198
3789,7.3666396,-7.815924
18945,7.366678,-7.8119392
18946,7.3719206,-7.810466
18947,7.377412,-7.840104
18948,7.393905,-7.770727
18949,7.364268,-7.822581
6625,-1.7941748,5.997957
33125,-1.8057805,6.0179195
33126,-1.8085761,6.0309186
33127,-1.7958802,6.0015574
33128,-1.7958254,6.0002484
33129,-1.8049079,6.0236974
7171,6.125249,-11.415421
35855,6.1254153,-11.416365
35856,6.1246915,-11.415957
35857,6.1236873,-11.417387
35858,6.124672,-11.410814
35859,6.1239266,-11.416389
8725,7.2184463,-0.8431946
43625,7.226567,-0.85134906
43626,7.22166,-0.824784
43627,7.215517,-0.8451748
43628,7.2186294,-0.839904
43629,7.2370977,-0.8546602
852,12.164748,6.2507334
4260,12.168372,6.2483907
4261,12.159267,6.2513704
4262,12.169019,6.2572484
4263,12.162849,6.2581043
4264,12.160501,6.2645226
8987,-9.554396,9.601485
44935,-9.539839,9.59145
44936,-9.545184,9.584402
44937,-9.546046,9.588227
44938,-9.543001,9.596155
44939,-9.542869,9.593772
4072,19.522823,8.825002
20360,19.514944,8.831682
20361,19.51356,8.834394
20362,19.543648,8.8066845
20363,19.533058,8.815379
20364,19.542725,8.808493
4890,9.79267,-0.9545517
24450,9.801799,-0.9513642
24451,9.802222,-0.9509385
24452,9.801752,-0.95030034
24453,9.79906,-0.9515178
24454,9.793944,-0.9541175
7819,-10.341884,4.572815
39095,-10.332962,4.5804315
39096,-10.333846,4.5788774
39097,-10.321887,4.578175
39098,-10.334732,4.5753307
39099,-10.331694,4.585483
4687,-7.8480067,-0.7753628
23435,-7.8487735,-0.7934094
23436,-7.8426285,-0.76865286
23437,-7.866144,-0.7769894
23438,-7.8697486,-0.757289
23439,-7.849301,-0.7842211
2394,5.4134903,-9.869599
11970,5.398441,-9.864368
11971,5.3974347,-9.863451
11972,5.437911,-9.85904
11973,5.3970666,-9.862224
11974,5.403371,-9.865501
2586,15.671441,-5.6628623
12930,15.676986,-5.6674066
12931,15.654872,-5.6560044
12932,15.67132,-5.6603885
12933,15.686222,-5.645759
12934,15.666855,-5.667433
3075,8.38261,2.6746252
15375,8.381173,2.6785352
15376,8.380003,2.6756487
15377,8.381634,2.6829817
15378,8.380015,2.6758626
15379,8.380414,2.67749
5873,4.325018,2.2417274
29365,4.325608,2.239597
29366,4.3051805,2.221036
29367,4.3239217,2.239337
29368,4.3258557,2.241082
29369,4.3209915,2.2347426
1529,20.869364,1.7944232
7645,20.22587,7.9211645
7646,20.839375,1.7603945
7647,20.86873,1.7866691
7648,20.82998,1.7520177
7649,20.84594,1.7705282
4880,-4.417996,13.323474
24400,-4.460514,13.36426
24401,-4.443706,13.347563
24402,-4.45154,13.354804
24403,-4.441385,13.349431
24404,-4.427004,13.33336
4023,2.2610343,6.213412
20115,2.2706559,6.21156
20116,2.26649,6.217468
20117,2.2671483,6.219117
20118,2.2687798,6.216436
20119,2.271865,6.217801
6790,11.703747,-2.2736406
33950,11.705194,-2.2731307
33951,11.715397,-2.2618945
33952,11.699903,-2.276941
33953,11.704028,-2.2735841
33954,11.704027,-2.2736585
9327,-7.19375,0.71217215
46635,-7.1872473,0.7056045
46636,-7.1796536,0.72568125
46637,-7.174496,0.7291363
46638,-7.1774197,0.727017
46639,-7.1836634,0.72366863
1847,15.875543,-4.1400604
9235,15.868552,-4.1266937
9236,15.878108,-4.1907787
9237,15.884045,-4.162343
9238,15.872546,-4.16649
9239,15.83041,-4.191095
2938,-16.289606,-4.3217683
14690,-16.294714,-4.3270307
14691,-16.297106,-4.329483
14692,-16.296535,-4.3288927
14693,-16.293903,-4.3260655
14694,-16.294174,-4.32652
6298,5.085051,9.50411
31490,5.0909348,9.51863
31491,5.0988913,9.517283
31492,5.10237,9.52042
31493,5.0978484,9.518262
31494,5.1001654,9.519167
6868,14.555948,7.319977
34340,14.545779,7.304479
34341,14.556177,7.319499
34342,14.558782,7.324376
34343,14.567113,7.335122
34344,14.543589,7.3060827
5838,12.497671,-11.293509
29190,12.530482,-11.326956
29191,12.514553,-11.311607
29192,12.532282,-11.329175
29193,12.527579,-11.324468
29194,12.528084,-11.324913
6325,-8.324279,-1.8439906
31625,-8.332747,-1.8429034
31626,-8.314918,-1.8173162
31627,-8.319867,-1.8271734
31628,-8.319588,-1.822682
31629,-8.320187,-1.8373529
2389,9.832453,11.589638
11945,9.832973,11.587776
11946,9.803237,11.566196
11947,9.823114,11.582169
11948,9.832094,11.587309
11949,9.833197,11.588433
4481,9.296762,3.76219
22405,9.293027,3.7638545
22406,9.273484,3.742495
22407,9.291028,3.7579858
22408,9.276326,3.745955
22409,9.28552,3.7542048
7239,6.4478846,11.506974
36195,6.4498577,11.515453
36196,6.443477,11.504808
36197,6.4497337,11.505775
36198,6.4492483,11.513434
36199,6.4469585,11.510553
8429,-0.87340873,10.143296
42145,-0.8719073,10.1431
42146,-0.87339455,10.141192
42147,-0.87339073,10.141884
42148,-0.86430377,10.1468115
42149,-0.8755851,10.140383
68,16.276373,-3.2992938
340,16.302397,-3.2791448
341,16.244463,-3.3247166
342,16.285315,-3.2949088
343,16.268288,-3.2823298
344,16.280447,-3.2999103
7571,-4.121744,-2.5393083
37855,-4.142976,-2.5564506
37856,-4.1206584,-2.537822
37857,-4.1306744,-2.5431433
37858,-4.1313195,-2.543038
37859,-4.1048775,-2.5268106
9456,1.0565411,12.551319
47280,1.0586892,12.556555
47281,1.0574368,12.551563
47282,1.0562432,12.54623
47283,1.056883,12.549439
47284,1.057301,12.5512495
2525,0.4040035,8.392328
12625,0.42870548,8.402999
12626,0.4350705,8.411271
12627,0.45993873,8.432379
12628,0.4157752,8.388459
12629,0.2850039,8.371191
591,-6.511126,8.859566
2955,-6.5225735,8.851797
2956,-6.524638,8.84401
2957,-6.5329285,8.839422
2958,-6.5219235,8.848223
2959,-6.5190587,8.848747
318,0.88691896,-13.128795
1590,0.9006853,-13.127276
1591,0.8885261,-13.129342
1592,0.88582784,-13.1329565
1593,0.8982232,-13.126157
1594,0.90305895,-13.119622
55,0.87653327,-13.137895
275,0.86545235,-13.144902
276,0.8686594,-13.142036
277,0.8706322,-13.142014
278,0.8669052,-13.144103
279,0.86363775,-13.1461735
5185,-3.0036187,8.487954
25925,-2.9889736,8.4994755
25926,-2.9980552,8.477902
25927,-2.998757,8.471619
25928,-3.006702,8.445262
25929,-2.989074,8.511152
1058,3.6470346,7.249974
5290,3.6551359,7.237683
5291,3.6570039,7.239461
5292,3.6533055,7.233577
5293,3.650175,7.245291
5294,3.6539507,7.24081
5693,-9.613147,-2.8255134
28465,-9.638089,-2.8219502
28466,-9.635491,-2.803829
28467,-9.620068,-2.8205767
28468,-9.634802,-2.8020432
28469,-9.635115,-2.804052
6208,20.240454,7.9238377
31040,20.237139,7.932109
31041,20.22962,7.9427123
31042,20.239279,7.9217567
31043,20.236017,7.934545
31044,20.230839,7.940317
9250,4.9250026,2.1469898
46250,4.916224,2.1473837
46251,4.9380136,2.1415932
46252,4.928401,2.1447783
46253,4.914373,2.148917
46254,4.9186463,2.1478822
4361,-5.256552,-7.0963297
21805,-5.2523437,-7.094892
21806,-5.2350554,-7.114612
21807,-5.242816,-7.1026673
21808,-5.238294,-7.1058536
21809,-5.2417874,-7.1054764
7557,-4.470243,6.2101655
37785,-4.468707,6.2126865
37786,-4.4741535,6.21028
37787,-4.4858847,6.2084026
37788,-4.4722023,6.212018
37789,-4.483983,6.2304606
2868,19.651766,-2.534337
14340,19.651756,-2.534354
14341,19.651884,-2.5342941
14342,19.651756,-2.5343149
14343,19.651783,-2.5343173
14344,19.651747,-2.5343204
5310,-9.70629,1.6724712
26550,-9.710708,1.6582496
26551,-9.722883,1.6630273
26552,-9.721297,1.6551782
26553,-9.715105,1.6518147
26554,-9.727179,1.6553613
9364,-8.666164,0.23934
46820,-8.65555,0.23290184
46821,-8.661298,0.23614869
46822,-8.65458,0.2317894
46823,-8.6725855,0.23988746
46824,-8.684922,0.24251972
4500,13.19664,-4.4114304
22500,13.194249,-4.4090376
22501,13.173807,-4.405567
22502,13.184379,-4.4110107
22503,13.179089,-4.407959
22504,13.187245,-4.4121866
9341,-10.71689,4.131751
46705,-10.718135,4.126334
46706,-10.717347,4.1292458
46707,-10.715473,4.1226616
46708,-10.722017,4.114207
46709,-10.713879,4.132085
7574,-2.2710938,3.9406679
37870,-2.2844393,3.9540148
37871,-2.2790258,3.9657085
37872,-2.2814372,3.9513717
37873,-2.2825208,3.9466858
37874,-2.285096,3.9562266
3122,11.1583,-11.692813
15610,11.190884,-11.660492
15611,11.190659,-11.660946
15612,11.188064,-11.662411
15613,11.190427,-11.660905
15614,11.202527,-11.649011
887,17.129772,3.704089
4435,17.12238,3.711562
4436,17.111372,3.7150745
4437,17.110212,3.7174752
4438,17.105381,3.7212276
4439,17.116282,3.713616
6969,-5.5776763,13.026078
34845,-5.591425,13.01038
34846,-5.560841,13.040861
34847,-5.5683393,13.0335
34848,-5.569349,13.031812
34849,-5.59994,13.000854
1122,18.176737,3.4729764
5610,18.152296,3.4588387
5611,18.181435,3.472806
5612,18.131048,3.460803
5613,18.198378,3.4772515
5614,18.1775,3.4800153
4637,5.8880773,5.7654843
23185,5.884085,5.762037
23186,5.9000096,5.7782354
23187,5.9080276,5.7826853
23188,5.921514,5.805175
23189,5.9107237,5.7854466
3256,0.22822085,8.293975
16280,0.15197867,8.246037
16281,0.16411404,8.245169
16282,0.15852584,8.257342
16283,0.17982891,8.273689
16284,0.1722926,8.263704
9392,10.5066,0.5868304
46960,10.517867,0.58453214
46961,10.51281,0.58366996
46962,10.50341,0.5947632
46963,10.512317,0.58095455
46964,10.51102,0.57469195
3382,-1.7318381,0.86809355
16910,-1.7378553,0.8643204
16911,-1.6985992,0.8854166
16912,-1.7211865,0.87405777
16913,-1.6995884,0.8837393
16914,-1.7068746,0.8857382
3879,0.54081744,8.446908
19395,0.5749413,8.46482
19396,0.58545125,8.469047
19397,0.57998693,8.467773
19398,0.60497296,8.47847
19399,0.6025055,8.478438
1418,-2.0905833,0.7022763
7090,-2.0885644,0.7035711
7091,-2.0908887,0.6985704
7092,-2.085394,0.7050762
7093,-2.0871544,0.703866
7094,-2.0850077,0.7058293
7252,-4.413385,14.461144
36260,-4.3927617,14.487917
36261,-4.400999,14.473112
36262,-4.4080167,14.468673
36263,-4.39917,14.479959
36264,-4.3936396,14.486697
1474,-7.6336203,-0.7367019
7370,-7.619435,-0.7301316
7371,-7.632456,-0.7325299
7372,-7.643658,-0.7332376
7373,-7.644174,-0.7351133
7374,-7.6321716,-0.7277842
6170,1.319707,-3.8137975
30850,1.3102889,-3.8200371
30851,1.320616,-3.8158507
30852,1.3074889,-3.8231738
30853,1.3485818,-3.7867928
30854,1.3368782,-3.7911427
6753,4.810216,-5.946254
33765,4.8083625,-5.95851
33766,4.8085604,-5.960698
33767,4.829452,-5.985872
33768,4.8017697,-5.949246
33769,4.817601,-5.973602
7497,-10.661718,3.1543527
37485,-10.652521,3.169102
37486,-10.638284,3.1296005
37487,-10.65528,3.1671903
37488,-10.6526985,3.1671903
37489,-10.647064,3.1428375
9423,-5.176921,-7.145709
47115,-5.1948385,-7.12028
47116,-5.1818223,-7.1471734
47117,-5.226092,-7.1003404
47118,-5.2041917,-7.1224146
47119,-5.1952744,-7.1337924
3583,12.215075,5.4506984
17915,12.216127,5.4608064
17916,12.23631,5.48329
17917,12.215947,5.4613023
17918,12.215649,5.460789
17919,12.2168,5.458832
1253,1.350581,-1.5665293
6265,1.3469671,-1.5592763
6266,1.3494716,-1.5637227
6267,1.3475101,-1.5613892
6268,1.3492106,-1.5630214
6269,1.3499207,-1.56543
6262,-3.249252,16.044271
31310,-3.2411437,16.036743
31311,-3.2407212,16.036592
31312,-3.2410095,16.035675
31313,-3.238113,16.033184
31314,-3.2377098,16.03471
6866,1.5041733,10.873691
34330,1.4805803,10.892335
34331,1.4821388,10.891241
34332,1.4816357,10.892328
34333,1.472198,10.878089
34334,1.4814186,10.899759
6772,18.53258,-0.9635784
33860,18.51042,-0.9760522
33861,18.52934,-0.98065877
33862,18.510551,-0.97589225
33863,18.505783,-0.97314656
33864,18.512222,-0.9756202
6880,8.779932,6.428996
34400,8.7799015,6.428454
34401,8.779985,6.428488
34402,8.7799,6.4284863
34403,8.779581,6.4278145
34404,8.780091,6.427772
6397,-9.520177,2.6196535
31985,-9.513194,2.637471
31986,-9.5194235,2.6156693
31987,-9.533776,2.6253533
31988,-9.533238,2.6308084
31989,-9.525342,2.6264186
7393,10.055946,0.66070753
36965,10.066749,0.6571123
36966,10.017675,0.66359407
36967,10.021219,0.66588503
36968,10.041773,0.65993774
36969,10.024809,0.64753145
3743,2.1034532,-9.396876
18715,2.077041,-9.421309
18716,2.0818844,-9.416958
18717,2.094256,-9.404304
18718,2.0869646,-9.411373
18719,2.0934546,-9.405188
5697,-16.318464,-4.351002
28485,-16.306568,-4.339112
28486,-16.310186,-4.3427286
28487,-16.30653,-4.3390822
28488,-16.30111,-4.333677
28489,-16.317245,-4.3498206
3605,16.010271,-4.8340054
18025,15.999495,-4.85019
18026,15.997804,-4.8733683
18027,16.010313,-4.849564
18028,16.010447,-4.852642
18029,16.008915,-4.860787
1875,-6.8425717,-2.7201488
9375,-6.8352003,-2.7154696
9376,-6.8433924,-2.7162626
9377,-6.84988,-2.72479
9378,-6.848415,-2.7082505
9379,-6.842398,-2.7151043
4579,15.070832,4.604506
22895,15.070828,4.5888815
22896,15.0709915,4.588882
22897,15.116249,4.546818
22898,15.064462,4.603763
22899,15.070688,4.5906663
7642,-2.7216866,-3.216188
38210,-2.7223184,-3.2171845
38211,-2.7210133,-3.2161956
38212,-2.7212512,-3.2173672
38213,-2.7208426,-3.2164633
38214,-2.7199156,-3.2181003
6243,-9.6016035,9.002844
31215,-9.60281,9.002068
31216,-9.602758,9.000709
31217,-9.601241,9.03625
31218,-9.602272,9.009614
31219,-9.603148,9.002043
4459,3.89135,3.1178145
22295,3.902759,3.1070132
22296,3.9362178,3.1415722
22297,3.8828776,3.1269794
22298,3.9018223,3.112251
22299,3.9011602,3.1130514
6053,6.4444036,16.285353
30265,6.4435196,16.273073
30266,6.4458117,16.293242
30267,6.444849,16.284725
30268,6.444265,16.283981
30269,6.4443717,16.277561
3977,-1.7391664,5.3282137
19885,-1.7559464,5.3323865
19886,-1.7658113,5.310344
19887,-1.7046304,5.3441925
19888,-1.7503153,5.330091
19889,-1.7371459,5.342273
6525,6.5003996,16.669853
32625,6.50187,16.672955
32626,6.4968033,16.675602
32627,6.5065227,16.668386
32628,6.491174,16.655416
32629,6.4984307,16.66905
542,0.9267732,5.972043
2710,0.9460903,5.9887176
2711,0.92846286,5.972839
2712,0.9375774,5.9812202
2713,0.95050204,5.994217
2714,0.9321375,5.975234
5278,10.7019,9.601564
26390,10.721424,9.621585
26391,10.732021,9.629215
26392,10.741178,9.640683
26393,10.721947,9.619841
26394,10.727509,9.627115
